month,hour,weather,prob
1,0,clear,0.9256
1,0,rain,0.0577
1,0,snow,0.0167
1,1,clear,0.9256
1,1,rain,0.0577
1,1,snow,0.0167
1,2,clear,0.9284
1,2,rain,0.0548
1,2,snow,0.0168
1,3,clear,0.9284
1,3,rain,0.0548
1,3,snow,0.0168
1,4,clear,0.9284
1,4,rain,0.0548
1,4,snow,0.0168
1,5,clear,0.9348
1,5,rain,0.0522
1,5,snow,0.013
1,6,clear,0.9348
1,6,rain,0.0522
1,6,snow,0.013
1,7,clear,0.9348
1,7,rain,0.0522
1,7,snow,0.013
1,8,clear,0.9375
1,8,rain,0.045
1,8,snow,0.0175
1,9,clear,0.9375
1,9,rain,0.045
1,9,snow,0.0175
1,10,clear,0.9375
1,10,rain,0.045
1,10,snow,0.0175
1,11,clear,0.9372
1,11,rain,0.048
1,11,snow,0.0147
1,12,clear,0.9372
1,12,rain,0.048
1,12,snow,0.0147
1,13,clear,0.9372
1,13,rain,0.048
1,13,snow,0.0147
1,14,clear,0.9382
1,14,rain,0.0463
1,14,snow,0.0155
1,15,clear,0.9382
1,15,rain,0.0463
1,15,snow,0.0155
1,16,clear,0.9382
1,16,rain,0.0463
1,16,snow,0.0155
1,17,clear,0.9341
1,17,rain,0.0474
1,17,snow,0.0185
1,18,clear,0.9341
1,18,rain,0.0474
1,18,snow,0.0185
1,19,clear,0.9341
1,19,rain,0.0474
1,19,snow,0.0185
1,20,clear,0.9281
1,20,rain,0.0539
1,20,snow,0.018
1,21,clear,0.9281
1,21,rain,0.0539
1,21,snow,0.018
1,22,clear,0.9281
1,22,rain,0.0539
1,22,snow,0.018
1,23,clear,0.9281
1,23,rain,0.0539
1,23,snow,0.018
2,0,clear,0.8812
2,0,rain,0.1004
2,0,snow,0.0184
2,1,clear,0.8812
2,1,rain,0.1004
2,1,snow,0.0184
2,2,clear,0.8859
2,2,rain,0.0936
2,2,snow,0.0205
2,3,clear,0.8859
2,3,rain,0.0936
2,3,snow,0.0205
2,4,clear,0.8859
2,4,rain,0.0936
2,4,snow,0.0205
2,5,clear,0.8866
2,5,rain,0.0933
2,5,snow,0.02
2,6,clear,0.8866
2,6,rain,0.0933
2,6,snow,0.02
2,7,clear,0.8866
2,7,rain,0.0933
2,7,snow,0.02
2,8,clear,0.8938
2,8,rain,0.0918
2,8,snow,0.0144
2,9,clear,0.8938
2,9,rain,0.0918
2,9,snow,0.0144
2,10,clear,0.8938
2,10,rain,0.0918
2,10,snow,0.0144
2,11,clear,0.9171
2,11,rain,0.0755
2,11,snow,0.0074
2,12,clear,0.9171
2,12,rain,0.0755
2,12,snow,0.0074
2,13,clear,0.9171
2,13,rain,0.0755
2,13,snow,0.0074
2,14,clear,0.927
2,14,rain,0.0668
2,14,snow,0.0062
2,15,clear,0.927
2,15,rain,0.0668
2,15,snow,0.0062
2,16,clear,0.927
2,16,rain,0.0668
2,16,snow,0.0062
2,17,clear,0.9158
2,17,rain,0.0758
2,17,snow,0.0084
2,18,clear,0.9158
2,18,rain,0.0758
2,18,snow,0.0084
2,19,clear,0.9158
2,19,rain,0.0758
2,19,snow,0.0084
2,20,clear,0.8961
2,20,rain,0.094
2,20,snow,0.0099
2,21,clear,0.8961
2,21,rain,0.094
2,21,snow,0.0099
2,22,clear,0.8961
2,22,rain,0.094
2,22,snow,0.0099
2,23,clear,0.8961
2,23,rain,0.094
2,23,snow,0.0099
3,0,clear,0.9314
3,0,rain,0.0672
3,0,snow,0.0013
3,1,clear,0.9314
3,1,rain,0.0672
3,1,snow,0.0013
3,2,clear,0.9183
3,2,rain,0.0797
3,2,snow,0.002
3,3,clear,0.9183
3,3,rain,0.0797
3,3,snow,0.002
3,4,clear,0.9183
3,4,rain,0.0797
3,4,snow,0.002
3,5,clear,0.9068
3,5,rain,0.0904
3,5,snow,0.0028
3,6,clear,0.9068
3,6,rain,0.0904
3,6,snow,0.0028
3,7,clear,0.9068
3,7,rain,0.0904
3,7,snow,0.0028
3,8,clear,0.8991
3,8,rain,0.0997
3,8,snow,0.0012
3,9,clear,0.8991
3,9,rain,0.0997
3,9,snow,0.0012
3,10,clear,0.8991
3,10,rain,0.0997
3,10,snow,0.0012
3,11,clear,0.9128
3,11,rain,0.0865
3,11,snow,0.0007
3,12,clear,0.9128
3,12,rain,0.0865
3,12,snow,0.0007
3,13,clear,0.9128
3,13,rain,0.0865
3,13,snow,0.0007
3,14,clear,0.9143
3,14,rain,0.085
3,14,snow,0.0007
3,15,clear,0.9143
3,15,rain,0.085
3,15,snow,0.0007
3,16,clear,0.9143
3,16,rain,0.085
3,16,snow,0.0007
3,17,clear,0.917
3,17,rain,0.0822
3,17,snow,0.0008
3,18,clear,0.917
3,18,rain,0.0822
3,18,snow,0.0008
3,19,clear,0.917
3,19,rain,0.0822
3,19,snow,0.0008
3,20,clear,0.9263
3,20,rain,0.0726
3,20,snow,0.0011
3,21,clear,0.9263
3,21,rain,0.0726
3,21,snow,0.0011
3,22,clear,0.9263
3,22,rain,0.0726
3,22,snow,0.0011
3,23,clear,0.9263
3,23,rain,0.0726
3,23,snow,0.0011
4,0,clear,0.9396
4,0,rain,0.0604
4,0,snow,0.0
4,1,clear,0.9344
4,1,rain,0.0656
4,1,snow,0.0
4,2,clear,0.9328
4,2,rain,0.0672
4,2,snow,0.0
4,3,clear,0.928
4,3,rain,0.072
4,3,snow,0.0
4,4,clear,0.927
4,4,rain,0.073
4,4,snow,0.0
4,5,clear,0.9222
4,5,rain,0.0778
4,5,snow,0.0
4,6,clear,0.9186
4,6,rain,0.0814
4,6,snow,0.0
4,7,clear,0.9132
4,7,rain,0.0868
4,7,snow,0.0
4,8,clear,0.9102
4,8,rain,0.0898
4,8,snow,0.0
4,9,clear,0.9102
4,9,rain,0.0898
4,9,snow,0.0
4,10,clear,0.9153
4,10,rain,0.0847
4,10,snow,0.0
4,11,clear,0.9145
4,11,rain,0.0855
4,11,snow,0.0
4,12,clear,0.9174
4,12,rain,0.0826
4,12,snow,0.0
4,13,clear,0.9174
4,13,rain,0.0826
4,13,snow,0.0
4,14,clear,0.9175
4,14,rain,0.0825
4,14,snow,0.0
4,15,clear,0.9191
4,15,rain,0.0809
4,15,snow,0.0
4,16,clear,0.9237
4,16,rain,0.0763
4,16,snow,0.0
4,17,clear,0.9327
4,17,rain,0.0673
4,17,snow,0.0
4,18,clear,0.9378
4,18,rain,0.0622
4,18,snow,0.0
4,19,clear,0.9425
4,19,rain,0.0575
4,19,snow,0.0
4,20,clear,0.944
4,20,rain,0.056
4,20,snow,0.0
4,21,clear,0.942
4,21,rain,0.058
4,21,snow,0.0
4,22,clear,0.9423
4,22,rain,0.0577
4,22,snow,0.0
4,23,clear,0.9409
4,23,rain,0.0591
4,23,snow,0.0
5,0,clear,0.9149
5,0,rain,0.0851
5,0,snow,0.0
5,1,clear,0.9191
5,1,rain,0.0809
5,1,snow,0.0
5,2,clear,0.9207
5,2,rain,0.0793
5,2,snow,0.0
5,3,clear,0.92
5,3,rain,0.08
5,3,snow,0.0
5,4,clear,0.927
5,4,rain,0.073
5,4,snow,0.0
5,5,clear,0.9287
5,5,rain,0.0713
5,5,snow,0.0
5,6,clear,0.9335
5,6,rain,0.0665
5,6,snow,0.0
5,7,clear,0.9344
5,7,rain,0.0656
5,7,snow,0.0
5,8,clear,0.9369
5,8,rain,0.0631
5,8,snow,0.0
5,9,clear,0.9367
5,9,rain,0.0633
5,9,snow,0.0
5,10,clear,0.9388
5,10,rain,0.0612
5,10,snow,0.0
5,11,clear,0.9386
5,11,rain,0.0614
5,11,snow,0.0
5,12,clear,0.9364
5,12,rain,0.0636
5,12,snow,0.0
5,13,clear,0.9364
5,13,rain,0.0636
5,13,snow,0.0
5,14,clear,0.9337
5,14,rain,0.0663
5,14,snow,0.0
5,15,clear,0.9311
5,15,rain,0.0689
5,15,snow,0.0
5,16,clear,0.9257
5,16,rain,0.0743
5,16,snow,0.0
5,17,clear,0.9241
5,17,rain,0.0759
5,17,snow,0.0
5,18,clear,0.9241
5,18,rain,0.0759
5,18,snow,0.0
5,19,clear,0.9255
5,19,rain,0.0745
5,19,snow,0.0
5,20,clear,0.9241
5,20,rain,0.0759
5,20,snow,0.0
5,21,clear,0.9171
5,21,rain,0.0829
5,21,snow,0.0
5,22,clear,0.9174
5,22,rain,0.0826
5,22,snow,0.0
5,23,clear,0.9174
5,23,rain,0.0826
5,23,snow,0.0
6,0,clear,0.9107
6,0,rain,0.0893
6,0,snow,0.0
6,1,clear,0.9066
6,1,rain,0.0934
6,1,snow,0.0
6,2,clear,0.8993
6,2,rain,0.1007
6,2,snow,0.0
6,3,clear,0.8947
6,3,rain,0.1053
6,3,snow,0.0
6,4,clear,0.894
6,4,rain,0.106
6,4,snow,0.0
6,5,clear,0.8915
6,5,rain,0.1085
6,5,snow,0.0
6,6,clear,0.8894
6,6,rain,0.1106
6,6,snow,0.0
6,7,clear,0.8924
6,7,rain,0.1076
6,7,snow,0.0
6,8,clear,0.9016
6,8,rain,0.0984
6,8,snow,0.0
6,9,clear,0.91
6,9,rain,0.09
6,9,snow,0.0
6,10,clear,0.9114
6,10,rain,0.0886
6,10,snow,0.0
6,11,clear,0.9139
6,11,rain,0.0861
6,11,snow,0.0
6,12,clear,0.9127
6,12,rain,0.0873
6,12,snow,0.0
6,13,clear,0.9122
6,13,rain,0.0878
6,13,snow,0.0
6,14,clear,0.9067
6,14,rain,0.0933
6,14,snow,0.0
6,15,clear,0.9083
6,15,rain,0.0917
6,15,snow,0.0
6,16,clear,0.9106
6,16,rain,0.0894
6,16,snow,0.0
6,17,clear,0.9101
6,17,rain,0.0899
6,17,snow,0.0
6,18,clear,0.9113
6,18,rain,0.0887
6,18,snow,0.0
6,19,clear,0.9097
6,19,rain,0.0903
6,19,snow,0.0
6,20,clear,0.9133
6,20,rain,0.0867
6,20,snow,0.0
6,21,clear,0.9145
6,21,rain,0.0855
6,21,snow,0.0
6,22,clear,0.9143
6,22,rain,0.0857
6,22,snow,0.0
6,23,clear,0.914
6,23,rain,0.086
6,23,snow,0.0
7,0,clear,0.8872
7,0,rain,0.1128
7,0,snow,0.0
7,1,clear,0.8759
7,1,rain,0.1241
7,1,snow,0.0
7,2,clear,0.8628
7,2,rain,0.1372
7,2,snow,0.0
7,3,clear,0.8494
7,3,rain,0.1506
7,3,snow,0.0
7,4,clear,0.8479
7,4,rain,0.1521
7,4,snow,0.0
7,5,clear,0.8368
7,5,rain,0.1632
7,5,snow,0.0
7,6,clear,0.8304
7,6,rain,0.1696
7,6,snow,0.0
7,7,clear,0.837
7,7,rain,0.163
7,7,snow,0.0
7,8,clear,0.8406
7,8,rain,0.1594
7,8,snow,0.0
7,9,clear,0.8514
7,9,rain,0.1486
7,9,snow,0.0
7,10,clear,0.8576
7,10,rain,0.1424
7,10,snow,0.0
7,11,clear,0.8568
7,11,rain,0.1432
7,11,snow,0.0
7,12,clear,0.8563
7,12,rain,0.1437
7,12,snow,0.0
7,13,clear,0.859
7,13,rain,0.141
7,13,snow,0.0
7,14,clear,0.861
7,14,rain,0.139
7,14,snow,0.0
7,15,clear,0.8623
7,15,rain,0.1377
7,15,snow,0.0
7,16,clear,0.8657
7,16,rain,0.1343
7,16,snow,0.0
7,17,clear,0.8679
7,17,rain,0.1321
7,17,snow,0.0
7,18,clear,0.8703
7,18,rain,0.1297
7,18,snow,0.0
7,19,clear,0.8745
7,19,rain,0.1255
7,19,snow,0.0
7,20,clear,0.884
7,20,rain,0.116
7,20,snow,0.0
7,21,clear,0.8861
7,21,rain,0.1139
7,21,snow,0.0
7,22,clear,0.8877
7,22,rain,0.1123
7,22,snow,0.0
7,23,clear,0.8836
7,23,rain,0.1164
7,23,snow,0.0
8,0,clear,0.9126
8,0,rain,0.0874
8,0,snow,0.0
8,1,clear,0.9105
8,1,rain,0.0895
8,1,snow,0.0
8,2,clear,0.9091
8,2,rain,0.0909
8,2,snow,0.0
8,3,clear,0.9052
8,3,rain,0.0948
8,3,snow,0.0
8,4,clear,0.8976
8,4,rain,0.1024
8,4,snow,0.0
8,5,clear,0.8944
8,5,rain,0.1056
8,5,snow,0.0
8,6,clear,0.8914
8,6,rain,0.1086
8,6,snow,0.0
8,7,clear,0.8908
8,7,rain,0.1092
8,7,snow,0.0
8,8,clear,0.8934
8,8,rain,0.1066
8,8,snow,0.0
8,9,clear,0.8988
8,9,rain,0.1012
8,9,snow,0.0
8,10,clear,0.9038
8,10,rain,0.0962
8,10,snow,0.0
8,11,clear,0.9049
8,11,rain,0.0951
8,11,snow,0.0
8,12,clear,0.9033
8,12,rain,0.0967
8,12,snow,0.0
8,13,clear,0.9005
8,13,rain,0.0995
8,13,snow,0.0
8,14,clear,0.9027
8,14,rain,0.0973
8,14,snow,0.0
8,15,clear,0.8955
8,15,rain,0.1045
8,15,snow,0.0
8,16,clear,0.8969
8,16,rain,0.1031
8,16,snow,0.0
8,17,clear,0.8956
8,17,rain,0.1044
8,17,snow,0.0
8,18,clear,0.8976
8,18,rain,0.1024
8,18,snow,0.0
8,19,clear,0.9006
8,19,rain,0.0994
8,19,snow,0.0
8,20,clear,0.906
8,20,rain,0.094
8,20,snow,0.0
8,21,clear,0.9137
8,21,rain,0.0863
8,21,snow,0.0
8,22,clear,0.9168
8,22,rain,0.0832
8,22,snow,0.0
8,23,clear,0.9162
8,23,rain,0.0838
8,23,snow,0.0
9,0,clear,0.914
9,0,rain,0.086
9,0,snow,0.0
9,1,clear,0.9187
9,1,rain,0.0813
9,1,snow,0.0
9,2,clear,0.9152
9,2,rain,0.0848
9,2,snow,0.0
9,3,clear,0.9102
9,3,rain,0.0898
9,3,snow,0.0
9,4,clear,0.9067
9,4,rain,0.0933
9,4,snow,0.0
9,5,clear,0.8965
9,5,rain,0.1035
9,5,snow,0.0
9,6,clear,0.892
9,6,rain,0.108
9,6,snow,0.0
9,7,clear,0.8955
9,7,rain,0.1045
9,7,snow,0.0
9,8,clear,0.8985
9,8,rain,0.1015
9,8,snow,0.0
9,9,clear,0.9074
9,9,rain,0.0926
9,9,snow,0.0
9,10,clear,0.9165
9,10,rain,0.0835
9,10,snow,0.0
9,11,clear,0.9166
9,11,rain,0.0834
9,11,snow,0.0
9,12,clear,0.9158
9,12,rain,0.0842
9,12,snow,0.0
9,13,clear,0.9167
9,13,rain,0.0833
9,13,snow,0.0
9,14,clear,0.9118
9,14,rain,0.0882
9,14,snow,0.0
9,15,clear,0.9105
9,15,rain,0.0895
9,15,snow,0.0
9,16,clear,0.9099
9,16,rain,0.0901
9,16,snow,0.0
9,17,clear,0.9059
9,17,rain,0.0941
9,17,snow,0.0
9,18,clear,0.9052
9,18,rain,0.0948
9,18,snow,0.0
9,19,clear,0.9046
9,19,rain,0.0954
9,19,snow,0.0
9,20,clear,0.9044
9,20,rain,0.0956
9,20,snow,0.0
9,21,clear,0.9086
9,21,rain,0.0914
9,21,snow,0.0
9,22,clear,0.9092
9,22,rain,0.0908
9,22,snow,0.0
9,23,clear,0.9111
9,23,rain,0.0889
9,23,snow,0.0
10,0,clear,0.9484
10,0,rain,0.0516
10,0,snow,0.0
10,1,clear,0.9517
10,1,rain,0.0483
10,1,snow,0.0
10,2,clear,0.9516
10,2,rain,0.0484
10,2,snow,0.0
10,3,clear,0.9509
10,3,rain,0.0491
10,3,snow,0.0
10,4,clear,0.9479
10,4,rain,0.0521
10,4,snow,0.0
10,5,clear,0.9479
10,5,rain,0.0521
10,5,snow,0.0
10,6,clear,0.9467
10,6,rain,0.0533
10,6,snow,0.0
10,7,clear,0.9428
10,7,rain,0.0572
10,7,snow,0.0
10,8,clear,0.9435
10,8,rain,0.0565
10,8,snow,0.0
10,9,clear,0.9463
10,9,rain,0.0537
10,9,snow,0.0
10,10,clear,0.9491
10,10,rain,0.0509
10,10,snow,0.0
10,11,clear,0.954
10,11,rain,0.046
10,11,snow,0.0
10,12,clear,0.9581
10,12,rain,0.0419
10,12,snow,0.0
10,13,clear,0.9539
10,13,rain,0.0461
10,13,snow,0.0
10,14,clear,0.9473
10,14,rain,0.0527
10,14,snow,0.0
10,15,clear,0.9419
10,15,rain,0.0581
10,15,snow,0.0
10,16,clear,0.9406
10,16,rain,0.0594
10,16,snow,0.0
10,17,clear,0.938
10,17,rain,0.062
10,17,snow,0.0
10,18,clear,0.9354
10,18,rain,0.0646
10,18,snow,0.0
10,19,clear,0.933
10,19,rain,0.067
10,19,snow,0.0
10,20,clear,0.9329
10,20,rain,0.0671
10,20,snow,0.0
10,21,clear,0.9387
10,21,rain,0.0613
10,21,snow,0.0
10,22,clear,0.9393
10,22,rain,0.0607
10,22,snow,0.0
10,23,clear,0.9427
10,23,rain,0.0573
10,23,snow,0.0
11,0,clear,0.905
11,0,rain,0.0926
11,0,snow,0.0024
11,1,clear,0.905
11,1,rain,0.0926
11,1,snow,0.0024
11,2,clear,0.8945
11,2,rain,0.1022
11,2,snow,0.0033
11,3,clear,0.8945
11,3,rain,0.1022
11,3,snow,0.0033
11,4,clear,0.8945
11,4,rain,0.1022
11,4,snow,0.0033
11,5,clear,0.8926
11,5,rain,0.1032
11,5,snow,0.0041
11,6,clear,0.8926
11,6,rain,0.1032
11,6,snow,0.0041
11,7,clear,0.8926
11,7,rain,0.1032
11,7,snow,0.0041
11,8,clear,0.9138
11,8,rain,0.0836
11,8,snow,0.0026
11,9,clear,0.9138
11,9,rain,0.0836
11,9,snow,0.0026
11,10,clear,0.9138
11,10,rain,0.0836
11,10,snow,0.0026
11,11,clear,0.9259
11,11,rain,0.0722
11,11,snow,0.002
11,12,clear,0.9259
11,12,rain,0.0722
11,12,snow,0.002
11,13,clear,0.9259
11,13,rain,0.0722
11,13,snow,0.002
11,14,clear,0.9322
11,14,rain,0.0659
11,14,snow,0.002
11,15,clear,0.9322
11,15,rain,0.0659
11,15,snow,0.002
11,16,clear,0.9322
11,16,rain,0.0659
11,16,snow,0.002
11,17,clear,0.9178
11,17,rain,0.0791
11,17,snow,0.0031
11,18,clear,0.9178
11,18,rain,0.0791
11,18,snow,0.0031
11,19,clear,0.9178
11,19,rain,0.0791
11,19,snow,0.0031
11,20,clear,0.9182
11,20,rain,0.0795
11,20,snow,0.0023
11,21,clear,0.9182
11,21,rain,0.0795
11,21,snow,0.0023
11,22,clear,0.9182
11,22,rain,0.0795
11,22,snow,0.0023
11,23,clear,0.9182
11,23,rain,0.0795
11,23,snow,0.0023
12,0,clear,0.9097
12,0,rain,0.0619
12,0,snow,0.0283
12,1,clear,0.9097
12,1,rain,0.0619
12,1,snow,0.0283
12,2,clear,0.91
12,2,rain,0.057
12,2,snow,0.033
12,3,clear,0.91
12,3,rain,0.057
12,3,snow,0.033
12,4,clear,0.91
12,4,rain,0.057
12,4,snow,0.033
12,5,clear,0.9105
12,5,rain,0.0535
12,5,snow,0.036
12,6,clear,0.9105
12,6,rain,0.0535
12,6,snow,0.036
12,7,clear,0.9105
12,7,rain,0.0535
12,7,snow,0.036
12,8,clear,0.9066
12,8,rain,0.0563
12,8,snow,0.0371
12,9,clear,0.9066
12,9,rain,0.0563
12,9,snow,0.0371
12,10,clear,0.9066
12,10,rain,0.0563
12,10,snow,0.0371
12,11,clear,0.911
12,11,rain,0.0625
12,11,snow,0.0265
12,12,clear,0.911
12,12,rain,0.0625
12,12,snow,0.0265
12,13,clear,0.911
12,13,rain,0.0625
12,13,snow,0.0265
12,14,clear,0.9141
12,14,rain,0.0674
12,14,snow,0.0185
12,15,clear,0.9141
12,15,rain,0.0674
12,15,snow,0.0185
12,16,clear,0.9141
12,16,rain,0.0674
12,16,snow,0.0185
12,17,clear,0.9132
12,17,rain,0.066
12,17,snow,0.0208
12,18,clear,0.9132
12,18,rain,0.066
12,18,snow,0.0208
12,19,clear,0.9132
12,19,rain,0.066
12,19,snow,0.0208
12,20,clear,0.9147
12,20,rain,0.0636
12,20,snow,0.0217
12,21,clear,0.9147
12,21,rain,0.0636
12,21,snow,0.0217
12,22,clear,0.9147
12,22,rain,0.0636
12,22,snow,0.0217
12,23,clear,0.9147
12,23,rain,0.0636
12,23,snow,0.0217
