tm,stn,ta,rn,vs
202201150800,90,-2.3,-9.0,4956
202201150800,93,-10.6,-9.0,2000
202201150800,95,-9.6,-9.0,5009
202201150800,98,-6.9,-9.0,2289
202201150800,99,-8.0,-9.0,943
202201150800,100,-10.4,-9.0,2229
202201150800,101,-10.0,-9.0,1556
202201150800,102,3.8,-9.0,4561
202201150800,104,-1.0,-9.0,2000
202201150800,105,1.0,-9.0,5000
202201150800,106,-0.7,-9.0,1406
202201150800,108,-4.4,-9.0,2000
202201150800,112,-3.5,-9.0,1523
202201150800,114,-8.4,-9.0,1434
202201150800,115,2.0,-9.0,2000
202201150800,119,-4.7,-9.0,1608
202201150800,121,-9.8,-9.0,1396
202201150800,127,-8.7,-9.0,1247
202201150800,129,-5.8,-9.0,2375
202201150800,130,-1.1,-9.0,5000
202201150800,131,-5.9,-9.0,1345
202201150800,133,-6.1,-9.0,1975
202201150800,135,-5.0,-9.0,4539
202201150800,136,-8.2,-9.0,1635
202201150800,137,-4.3,-9.0,3536
202201150800,138,-0.8,-9.0,2000
202201150800,140,-4.2,-9.0,2000
202201150800,143,-4.3,-9.0,2000
202201150800,146,-3.5,-9.0,2000
202201150800,152,-0.7,-9.0,2000
202201150800,155,-2.1,-9.0,2000
202201150800,156,-2.3,-9.0,2000
202201150800,159,2.4,-9.0,5000
202201150800,162,0.0,-9.0,1853
202201150800,165,-1.8,-9.0,2000
202201150800,168,-0.4,-9.0,2000
202201150800,169,3.1,-9.0,5000
202201150800,170,1.0,-9.0,2000
202201150800,172,-5.5,-9.0,2091
202201150800,174,-4.9,-9.0,1742
202201150800,177,-5.8,-9.0,1791
202201150800,184,4.7,-9.0,5000
202201150800,185,4.5,-9.0,2000
202201150800,188,3.8,-9.0,2000
202201150800,189,6.0,-9.0,2000
202201150800,192,-5.5,-9.0,1987
202201150800,201,-4.8,-9.0,3903
202201150800,202,-7.7,-9.0,1599
202201150800,203,-8.3,-9.0,895
202201150800,211,-10.9,-9.0,3684
202201150800,212,-10.8,-9.0,3332
202201150800,216,-8.6,-9.0,2000
202201150800,217,-11.0,-9.0,1850
202201150800,221,-10.2,-9.0,1528
202201150800,226,-8.8,-9.0,1271
202201150800,232,-8.2,-9.0,845
202201150800,235,-3.4,-9.0,2000
202201150800,236,-6.1,-9.0,1258
202201150800,238,-7.6,-9.0,874
202201150800,239,-6.2,-9.0,1991
202201150800,243,-4.6,-9.0,1533
202201150800,244,-6.7,-9.0,1213
202201150800,245,-4.8,-9.0,1920
202201150800,247,-6.3,-9.0,1410
202201150800,248,-8.2,-9.0,1305
202201150800,251,-5.2,-9.0,2982
202201150800,252,-4.5,-9.0,1008
202201150800,253,-3.0,-9.0,2658
202201150800,254,-6.5,-9.0,715
202201150800,255,-2.0,-9.0,4826
202201150800,257,-1.9,-9.0,1537
202201150800,258,-4.2,-9.0,4851
202201150800,259,-2.7,-9.0,1411
202201150800,260,-3.1,-9.0,2000
202201150800,261,-4.8,-9.0,1688
202201150800,262,-4.2,-9.0,2000
202201150800,263,-7.0,-9.0,2828
202201150800,264,-6.8,-9.0,3244
202201150800,266,-0.9,-9.0,1717
202201150800,268,-0.4,-9.0,2000
202201150800,271,-9.3,-9.0,1750
202201150800,272,-10.2,-9.0,1495
202201150800,273,-6.9,-9.0,2500
202201150800,276,-11.2,-9.0,3149
202201150800,277,-1.4,-9.0,2000
202201150800,278,-10.2,-9.0,2000
202201150800,279,-5.6,-9.0,1741
202201150800,281,-6.6,-9.0,1810
202201150800,283,-6.0,-9.0,3060
202201150800,284,-6.3,-9.0,552
202201150800,285,-5.3,-9.0,1986
202201150800,288,-4.2,-9.0,2676
202201150800,289,-6.0,-9.0,1846
202201150800,294,-0.7,-9.0,1290
202201150800,295,-1.9,-9.0,1735
202201151900,90,2.7,-9.0,4918
202201151900,93,-1.1,-9.0,1400
202201151900,95,-1.4,-9.0,5009
202201151900,98,0.6,-9.0,5301
202201151900,99,-1.0,-9.0,3128
202201151900,100,-1.7,-9.0,3322
202201151900,101,-0.6,-9.0,1489
202201151900,102,3.4,-9.0,1482
202201151900,104,5.0,-9.0,2000
202201151900,105,5.4,-9.0,5000
202201151900,106,5.0,-9.0,4382
202201151900,108,1.3,-9.0,2000
202201151900,112,2.1,-9.0,1863
202201151900,114,1.9,-9.0,1627
202201151900,115,3.4,-9.0,2000
202201151900,119,3.0,-9.0,2000
202201151900,121,2.7,-9.0,2000
202201151900,127,1.1,-9.0,1281
202201151900,129,2.3,-9.0,2096
202201151900,130,1.5,-9.0,3651
202201151900,131,3.4,-9.0,1105
202201151900,133,3.7,-9.0,2000
202201151900,135,2.8,-9.0,4217
202201151900,136,3.0,-9.0,1980
202201151900,137,3.9,-9.0,4902
202201151900,138,4.9,-9.0,2000
202201151900,140,3.9,-9.0,2000
202201151900,143,3.9,-9.0,2000
202201151900,146,5.2,-9.0,2000
202201151900,152,5.4,-9.0,2000
202201151900,155,3.2,-9.0,2000
202201151900,156,6.0,-9.0,2000
202201151900,159,5.4,-9.0,4953
202201151900,162,5.0,-9.0,2000
202201151900,165,5.2,-9.0,2000
202201151900,168,6.9,-9.0,2000
202201151900,169,5.7,-9.0,4966
202201151900,170,6.0,-9.0,2000
202201151900,172,3.8,-9.0,1729
202201151900,174,1.4,-9.0,1137
202201151900,177,4.4,-9.0,3738
202201151900,184,7.6,-9.0,3188
202201151900,185,6.5,-9.0,2000
202201151900,188,5.3,-9.0,2000
202201151900,189,8.2,-9.0,2000
202201151900,192,1.2,-9.0,1981
202201151900,201,0.3,-9.0,1504
202201151900,202,1.1,-9.0,1926
202201151900,203,0.6,-9.0,1528
202201151900,211,1.0,-9.0,2114
202201151900,212,0.6,-9.0,2692
202201151900,216,-0.2,-9.0,2000
202201151900,217,1.4,-9.0,1239
202201151900,221,0.6,-9.0,1897
202201151900,226,1.1,-9.0,2216
202201151900,232,1.4,-9.0,1361
202201151900,235,4.3,-9.0,2000
202201151900,236,2.4,-9.0,1577
202201151900,238,2.6,-9.0,1708
202201151900,239,3.1,-9.0,2738
202201151900,243,4.1,-9.0,2629
202201151900,244,3.1,-9.0,1900
202201151900,245,4.7,-9.0,2000
202201151900,247,4.4,-9.0,1772
202201151900,248,2.5,-9.0,2000
202201151900,251,3.5,-9.0,4869
202201151900,252,3.2,-9.0,923
202201151900,253,4.7,-9.0,4106
202201151900,254,2.7,-9.0,664
202201151900,255,4.2,-9.0,5000
202201151900,257,3.0,-9.0,1222
202201151900,258,3.3,-9.0,4322
202201151900,259,2.6,-9.0,1545
202201151900,260,1.2,-9.0,2000
202201151900,261,0.7,-9.0,1843
202201151900,262,3.6,-9.0,2000
202201151900,263,0.0,-9.0,2469
202201151900,264,5.0,-9.0,4254
202201151900,266,5.8,-9.0,1053
202201151900,268,4.9,-9.0,2000
202201151900,271,2.0,-9.0,1559
202201151900,272,2.1,-9.0,2000
202201151900,273,2.0,-9.0,3856
202201151900,276,-1.3,-9.0,3635
202201151900,277,3.3,-9.0,2000
202201151900,278,0.6,-9.0,2000
202201151900,279,1.3,-9.0,1953
202201151900,281,0.9,-9.0,3875
202201151900,283,2.9,-9.0,2833
202201151900,284,3.1,-9.0,2000
202201151900,285,1.8,-9.0,1991
202201151900,288,2.4,-9.0,4554
202201151900,289,3.5,-9.0,3802
202201151900,294,3.2,-9.0,1569
202201151900,295,6.2,-9.0,2000
202202150800,90,-1.9,-9.0,1857
202202150800,93,-4.5,-9.0,1200
202202150800,95,-7.5,-9.0,4461
202202150800,98,-6.7,-9.0,3252
202202150800,99,-7.5,-9.0,3608
202202150800,100,-8.9,-9.0,255
202202150800,101,-3.6,-9.0,1155
202202150800,102,-5.3,-9.0,3540
202202150800,104,-1.0,-9.0,1707
202202150800,105,-0.8,-9.0,1221
202202150800,106,0.5,-9.0,2130
202202150800,108,-6.1,-9.0,1649
202202150800,112,-5.8,-9.0,961
202202150800,114,-3.6,-9.0,180
202202150800,115,1.7,-9.0,1830
202202150800,119,-4.5,-9.0,1612
202202150800,121,-2.9,-9.0,868
202202150800,127,-3.8,-9.0,1100
202202150800,129,-3.1,-9.0,921
202202150800,130,-0.9,-9.0,2449
202202150800,131,-2.8,-9.0,1100
202202150800,133,-2.0,-9.0,1511
202202150800,135,-3.1,-9.0,2127
202202150800,136,-2.3,-9.0,1371
202202150800,137,-2.3,-9.0,1374
202202150800,138,0.2,-9.0,1887
202202150800,140,-1.3,-9.0,1235
202202150800,143,0.1,-9.0,1974
202202150800,146,-1.6,-9.0,1556
202202150800,152,1.1,-9.0,2000
202202150800,155,0.1,-9.0,1975
202202150800,156,0.4,-9.0,1736
202202150800,159,1.4,-9.0,3542
202202150800,162,1.9,-9.0,1701
202202150800,165,0.5,-9.0,2000
202202150800,168,0.7,-9.0,2000
202202150800,169,1.3,-9.0,2244
202202150800,170,1.7,-9.0,2000
202202150800,172,-1.3,-9.0,357
202202150800,174,-0.6,-9.0,1237
202202150800,177,-2.5,-9.0,2208
202202150800,181,-3.1,-9.0,543
202202150800,184,3.9,-9.0,2808
202202150800,185,3.4,-9.0,2000
202202150800,188,3.1,-9.0,2000
202202150800,189,5.0,-9.0,1152
202202150800,192,-3.3,-9.0,910
202202150800,201,-6.4,-9.0,2727
202202150800,202,-3.7,-9.0,996
202202150800,203,-4.1,-9.0,1031
202202150800,211,-3.5,-9.0,1774
202202150800,212,-3.6,-9.0,2243
202202150800,216,-7.4,-9.0,1332
202202150800,217,-4.0,-9.0,414
202202150800,221,-4.6,-9.0,723
202202150800,226,-3.0,-9.0,1339
202202150800,232,-3.3,-9.0,701
202202150800,235,-1.8,-9.0,1831
202202150800,236,-1.7,-9.0,1461
202202150800,238,-2.7,-9.0,930
202202150800,239,-2.8,-9.0,1814
202202150800,243,-0.6,-9.0,2102
202202150800,244,-2.7,-9.0,185
202202150800,245,-1.3,-9.0,988
202202150800,247,-1.5,-9.0,722
202202150800,248,-3.5,-9.0,177
202202150800,251,-1.0,-9.0,1357
202202150800,252,-0.5,-9.0,1143
202202150800,253,0.6,-9.0,2457
202202150800,254,-1.2,-9.0,2068
202202150800,255,1.4,-9.0,3682
202202150800,257,1.8,-9.0,700
202202150800,258,1.0,-9.0,3180
202202150800,259,0.8,-9.0,3123
202202150800,260,0.8,-9.0,2000
202202150800,261,-0.4,-9.0,1727
202202150800,262,0.9,-9.0,2000
202202150800,263,0.6,-9.0,2766
202202150800,264,-1.0,-9.0,1532
202202150800,266,0.4,-9.0,2914
202202150800,268,1.1,-9.0,2000
202202150800,271,-1.8,-9.0,1413
202202150800,272,-3.2,-9.0,475
202202150800,273,-2.9,-9.0,1634
202202150800,276,-2.7,-9.0,2292
202202150800,277,-0.5,-9.0,1561
202202150800,278,-0.3,-9.0,2000
202202150800,279,0.1,-9.0,1901
202202150800,281,-0.4,-9.0,1706
202202150800,283,0.1,-9.0,2327
202202150800,284,-1.1,-9.0,1235
202202150800,285,-0.7,-9.0,1919
202202150800,288,1.2,-9.0,2336
202202150800,289,-0.8,-9.0,2116
202202150800,294,1.7,-9.0,2822
202202150800,295,1.0,-9.0,1991
202202151900,90,-3.1,-9.0,3883
202202151900,93,-4.5,-9.0,-9
202202151900,95,-6.2,-9.0,4890
202202151900,98,-6.5,-9.0,2452
202202151900,99,-6.5,-9.0,578
202202151900,100,-10.0,-9.0,1578
202202151900,101,-3.7,-9.0,2000
202202151900,102,-4.5,-9.0,4747
202202151900,104,-2.0,-9.0,2000
202202151900,105,-1.7,-9.0,2167
202202151900,106,-0.5,-9.0,3142
202202151900,108,-4.8,-9.0,2000
202202151900,112,-5.2,-9.0,1375
202202151900,114,-3.8,-9.0,2000
202202151900,115,0.1,-9.0,2000
202202151900,119,-4.4,-9.0,2000
202202151900,121,-4.1,-9.0,2000
202202151900,127,-4.7,-9.0,2000
202202151900,129,-4.6,-9.0,2082
202202151900,130,-1.3,-9.0,4075
202202151900,131,-4.2,-9.0,2951
202202151900,133,-4.0,-9.0,2000
202202151900,135,-4.5,-9.0,4203
202202151900,136,-4.0,-9.0,2000
202202151900,137,-4.0,-9.0,4837
202202151900,138,0.3,-9.0,2000
202202151900,140,-3.1,-9.0,2000
202202151900,143,-0.5,-9.0,2000
202202151900,146,-3.5,-9.0,1979
202202151900,152,1.0,-9.0,2000
202202151900,155,-0.5,-9.0,2000
202202151900,156,-1.7,-9.0,2000
202202151900,159,1.8,-9.0,5000
202202151900,162,1.2,-9.0,2000
202202151900,165,-1.7,-9.0,2000
202202151900,168,-0.6,-9.0,2000
202202151900,169,0.0,-9.0,2864
202202151900,170,0.0,-9.0,2000
202202151900,172,-3.1,-9.0,517
202202151900,174,-2.8,-9.0,1469
202202151900,177,-4.0,-9.0,3200
202202151900,181,-4.4,-9.0,4892
202202151900,184,2.8,-9.0,3964
202202151900,185,2.3,-9.0,2000
202202151900,188,1.7,-9.0,2000
202202151900,189,4.4,-9.0,2000
202202151900,192,-0.7,-9.0,2000
202202151900,201,-5.3,-9.0,5000
202202151900,202,-3.4,-9.0,2000
202202151900,203,-4.6,-9.0,2000
202202151900,211,-4.2,-9.0,2770
202202151900,212,-4.0,-9.0,5009
202202151900,216,-8.9,-9.0,2000
202202151900,217,-5.1,-9.0,2682
202202151900,221,-5.7,-9.0,2000
202202151900,226,-5.0,-9.0,1622
202202151900,232,-4.7,-9.0,529
202202151900,235,-3.4,-9.0,2000
202202151900,236,-3.4,-9.0,2000
202202151900,238,-4.0,-9.0,2000
202202151900,239,-4.6,-9.0,1183
202202151900,243,-2.1,-9.0,2556
202202151900,244,-4.7,-9.0,1993
202202151900,245,-3.5,-9.0,1268
202202151900,247,-4.2,-9.0,1780
202202151900,248,-6.1,-9.0,1984
202202151900,251,-2.7,-9.0,4453
202202151900,252,-2.3,-9.0,774
202202151900,253,0.8,-9.0,4321
202202151900,254,-3.2,-9.0,487
202202151900,255,0.8,-9.0,5000
202202151900,257,2.2,-9.0,1379
202202151900,258,-0.8,-9.0,5000
202202151900,259,-0.9,-9.0,1161
202202151900,260,-1.4,-9.0,2000
202202151900,261,-2.4,-9.0,1936
202202151900,262,-1.1,-9.0,2000
202202151900,263,-1.2,-9.0,5000
202202151900,264,-3.0,-9.0,3254
202202151900,266,-1.7,-9.0,1773
202202151900,268,-0.9,-9.0,2000
202202151900,271,-3.5,-9.0,2000
202202151900,272,-4.8,-9.0,2000
202202151900,273,-4.9,-9.0,3622
202202151900,276,-4.1,-9.0,4864
202202151900,277,-1.7,-9.0,2000
202202151900,278,-2.4,-9.0,2000
202202151900,279,-1.2,-9.0,2000
202202151900,281,-1.2,-9.0,4622
202202151900,283,-0.2,-9.0,4740
202202151900,284,-3.5,-9.0,2000
202202151900,285,-0.5,-9.0,2000
202202151900,288,1.2,-9.0,5000
202202151900,289,-3.1,-9.0,4353
202202151900,294,1.0,-9.0,5000
202202151900,295,-0.3,-9.0,2000
202203150800,90,7.2,-9.0,4036
202203150800,93,2.1,-9.0,1400
202203150800,95,1.7,-9.0,1434
202203150800,98,1.6,-9.0,910
202203150800,99,0.0,-9.0,906
202203150800,100,0.8,-9.0,1614
202203150800,101,3.0,-9.0,754
202203150800,102,1.3,-9.0,1100
202203150800,104,7.1,-9.0,2000
202203150800,105,8.0,-9.0,1577
202203150800,106,8.9,-9.0,546
202203150800,108,2.5,-9.0,1248
202203150800,112,2.6,-9.0,536
202203150800,114,4.5,-9.0,617
202203150800,115,6.3,-9.0,2000
202203150800,119,3.1,-9.0,667
202203150800,121,4.6,-9.0,906
202203150800,127,4.1,-9.0,679
202203150800,129,0.4,-9.0,844
202203150800,130,4.5,-9.0,1412
202203150800,131,4.7,-9.0,681
202203150800,133,3.8,-9.0,626
202203150800,135,3.5,-9.0,1515
202203150800,136,3.8,-9.0,730
202203150800,137,5.0,-9.0,1923
202203150800,138,7.0,-9.0,1234
202203150800,140,2.8,-9.0,577
202203150800,143,6.9,-9.0,1229
202203150800,146,4.7,-9.0,841
202203150800,152,7.0,-9.0,1659
202203150800,155,8.2,-9.0,2000
202203150800,156,4.3,-9.0,776
202203150800,159,9.2,-9.0,4884
202203150800,162,7.1,-9.0,1984
202203150800,165,4.1,-9.0,1095
202203150800,168,6.5,-9.0,1050
202203150800,169,6.2,-9.0,1277
202203150800,170,6.4,-9.0,1102
202203150800,172,3.1,-9.0,914
202203150800,174,4.4,-9.0,713
202203150800,177,1.2,-9.0,282
202203150800,181,4.2,-9.0,675
202203150800,184,7.5,-9.0,699
202203150800,185,7.0,-9.0,564
202203150800,188,9.7,-9.0,2000
202203150800,189,12.9,-9.0,2000
202203150800,192,3.3,-9.0,16
202203150800,201,1.4,-9.0,1077
202203150800,202,3.7,-9.0,469
202203150800,203,3.5,-9.0,496
202203150800,211,5.2,-9.0,3544
202203150800,212,2.5,-9.0,271
202203150800,216,1.7,-9.0,1053
202203150800,217,3.7,-9.0,1177
202203150800,221,3.4,-9.0,716
202203150800,226,4.3,-9.0,862
202203150800,232,4.3,-9.0,563
202203150800,235,3.2,-9.0,492
202203150800,236,1.6,-9.0,15
202203150800,238,2.7,-9.0,478
202203150800,239,3.7,-9.0,776
202203150800,243,4.2,-9.0,735
202203150800,244,2.7,-9.0,538
202203150800,245,3.5,-9.0,462
202203150800,247,2.5,-9.0,391
202203150800,248,-1.3,-9.0,7
202203150800,251,2.5,-9.0,564
202203150800,252,3.8,-9.0,950
202203150800,253,7.0,-9.0,2470
202203150800,254,1.3,-9.0,305
202203150800,255,8.3,-9.0,3454
202203150800,257,7.8,-9.0,1465
202203150800,258,6.1,-9.0,1786
202203150800,259,5.2,-9.0,1441
202203150800,260,4.8,-9.0,1162
202203150800,261,3.8,-9.0,713
202203150800,262,5.0,-9.0,1067
202203150800,263,2.8,-9.0,1389
202203150800,264,3.4,-9.0,808
202203150800,266,5.7,-9.0,1221
202203150800,268,5.0,-9.0,1073
202203150800,271,2.5,-9.0,547
202203150800,272,4.0,-9.0,974
202203150800,273,4.9,-9.0,1155
202203150800,276,2.7,-9.0,939
202203150800,277,6.6,-9.0,1236
202203150800,278,1.7,-9.0,372
202203150800,279,5.8,-9.0,1117
202203150800,281,6.2,-9.0,1042
202203150800,283,6.5,-9.0,1401
202203150800,284,2.1,-9.0,437
202203150800,285,2.0,-9.0,559
202203150800,288,4.7,-9.0,825
202203150800,289,3.5,-9.0,940
202203150800,294,8.3,-9.0,4337
202203150800,295,7.2,-9.0,1193
202203151900,90,8.8,-9.0,2361
202203151900,93,10.2,-9.0,-9
202203151900,95,9.5,-9.0,5009
202203151900,98,10.5,-9.0,2708
202203151900,99,8.1,-9.0,1860
202203151900,100,7.8,-9.0,1459
202203151900,101,11.7,-9.0,1862
202203151900,102,4.8,-9.0,862
202203151900,104,9.7,-9.0,1951
202203151900,105,11.0,-9.0,1100
202203151900,106,10.4,-9.0,2393
202203151900,108,10.9,-9.0,1212
202203151900,112,6.2,-9.0,748
202203151900,114,11.1,-9.0,1361
202203151900,115,5.5,-9.0,2000
202203151900,119,9.7,-9.0,685
202203151900,121,12.1,-9.0,2000
202203151900,127,10.0,-9.0,965
202203151900,129,8.6,-9.0,2182
202203151900,130,9.6,-9.0,1720
202203151900,131,14.1,-9.0,1282
202203151900,133,13.7,-9.0,1554
202203151900,135,12.3,-9.0,4360
202203151900,136,12.7,-9.0,1995
202203151900,137,13.3,-9.0,3307
202203151900,138,11.6,-9.0,1200
202203151900,140,6.4,-9.0,1105
202203151900,143,15.8,-9.0,1678
202203151900,146,12.2,-9.0,840
202203151900,152,11.0,-9.0,1155
202203151900,155,10.2,-9.0,1563
202203151900,156,11.9,-9.0,1220
202203151900,159,10.9,-9.0,2028
202203151900,162,11.9,-9.0,1855
202203151900,165,7.7,-9.0,1778
202203151900,168,11.0,-9.0,2000
202203151900,169,6.1,-9.0,1269
202203151900,170,10.5,-9.0,2000
202203151900,172,6.5,-9.0,1998
202203151900,174,12.4,-9.0,1936
202203151900,177,10.9,-9.0,1660
202203151900,181,12.7,-9.0,2112
202203151900,184,10.9,-9.0,1231
202203151900,185,9.2,-9.0,923
202203151900,188,11.7,-9.0,2000
202203151900,189,13.8,-9.0,1783
202203151900,192,12.3,-9.0,2000
202203151900,201,5.6,-9.0,2450
202203151900,202,10.2,-9.0,823
202203151900,203,9.4,-9.0,705
202203151900,211,11.2,-9.0,4893
202203151900,212,9.4,-9.0,766
202203151900,216,8.7,-9.0,1985
202203151900,217,9.2,-9.0,2035
202203151900,221,8.8,-9.0,1861
202203151900,226,11.7,-9.0,1389
202203151900,232,11.6,-9.0,1063
202203151900,235,5.9,-9.0,876
202203151900,236,12.4,-9.0,1087
202203151900,238,12.5,-9.0,1111
202203151900,239,12.6,-9.0,2085
202203151900,243,7.0,-9.0,1011
202203151900,244,11.5,-9.0,718
202203151900,245,8.4,-9.0,944
202203151900,247,13.9,-9.0,1149
202203151900,248,12.1,-9.0,885
202203151900,251,7.5,-9.0,1150
202203151900,252,6.4,-9.0,1829
202203151900,253,10.8,-9.0,2228
202203151900,254,14.4,-9.0,2826
202203151900,255,12.9,-9.0,3652
202203151900,257,12.5,-9.0,832
202203151900,258,10.3,-9.0,4337
202203151900,259,12.0,-9.0,2424
202203151900,260,12.1,-9.0,2000
202203151900,261,8.7,-9.0,974
202203151900,262,10.3,-9.0,2000
202203151900,263,14.6,-9.0,686
202203151900,264,13.7,-9.0,4751
202203151900,266,12.6,-9.0,1139
202203151900,268,7.6,-9.0,1181
202203151900,271,9.2,-9.0,1307
202203151900,272,10.9,-9.0,1371
202203151900,273,11.4,-9.0,2114
202203151900,276,10.3,-9.0,3262
202203151900,277,8.2,-9.0,1323
202203151900,278,11.2,-9.0,2000
202203151900,279,12.9,-9.0,1911
202203151900,281,12.2,-9.0,1175
202203151900,283,11.2,-9.0,1142
202203151900,284,14.0,-9.0,2000
202203151900,285,15.5,-9.0,2000
202203151900,288,14.2,-9.0,2188
202203151900,289,13.8,-9.0,2453
202203151900,294,11.5,-9.0,3673
202203151900,295,11.2,-9.0,2000
202204150800,90,10.5,-9.0,3405
202204150800,93,7.0,-9.0,2000
202204150800,95,6.9,-9.0,1392
202204150800,98,8.0,-9.0,682
202204150800,99,8.3,-9.0,2130
202204150800,100,4.0,-9.0,1637
202204150800,101,6.9,-9.0,2000
202204150800,102,8.4,-9.0,3913
202204150800,104,9.6,-9.0,2000
202204150800,105,9.6,-9.0,1343
202204150800,106,10.6,-9.0,4905
202204150800,108,10.1,-9.0,2000
202204150800,112,10.4,-9.0,2000
202204150800,114,7.8,-9.0,2000
202204150800,115,8.3,-9.0,2000
202204150800,119,10.7,-9.0,2000
202204150800,121,10.7,-9.0,2000
202204150800,127,8.0,-9.0,1949
202204150800,129,9.6,-9.0,1684
202204150800,130,10.3,-9.0,5000
202204150800,131,8.6,-9.0,2092
202204150800,133,9.2,-9.0,2000
202204150800,135,8.5,-9.0,4993
202204150800,136,9.8,-9.0,2000
202204150800,137,9.5,-9.0,4902
202204150800,138,10.6,-9.0,2000
202204150800,140,9.4,-9.0,2000
202204150800,143,10.3,-9.0,2000
202204150800,146,10.5,-9.0,2000
202204150800,152,10.5,-9.0,2000
202204150800,155,10.5,-9.0,2000
202204150800,156,12.2,-9.0,1979
202204150800,159,11.2,-9.0,5000
202204150800,162,11.2,-9.0,1997
202204150800,165,10.9,-9.0,2000
202204150800,168,10.9,-9.0,2000
202204150800,169,11.3,-9.0,4645
202204150800,170,12.9,-9.0,1995
202204150800,172,10.1,-9.0,1861
202204150800,174,11.3,-9.0,1854
202204150800,177,8.9,-9.0,4847
202204150800,181,8.6,-9.0,4113
202204150800,184,13.3,-9.0,3099
202204150800,185,13.6,-9.0,1970
202204150800,188,12.9,-9.0,2000
202204150800,189,13.5,-9.0,2000
202204150800,192,10.9,-9.0,2000
202204150800,201,9.2,-9.0,1958
202204150800,202,8.2,-9.0,2000
202204150800,203,9.0,-9.0,2000
202204150800,211,7.0,-9.0,5009
202204150800,212,6.3,-9.0,5009
202204150800,216,3.3,-9.0,2000
202204150800,217,8.5,-9.0,1212
202204150800,221,8.5,-9.0,2000
202204150800,226,7.4,-9.0,1992
202204150800,232,7.7,-9.0,3699
202204150800,235,9.3,-9.0,1898
202204150800,236,9.3,-9.0,2000
202204150800,238,9.1,-9.0,2000
202204150800,239,9.2,-9.0,1553
202204150800,243,10.4,-9.0,4258
202204150800,244,9.5,-9.0,2000
202204150800,245,9.1,-9.0,1989
202204150800,247,10.9,-9.0,5328
202204150800,248,8.3,-9.0,2000
202204150800,251,9.3,-9.0,4973
202204150800,252,10.1,-9.0,1581
202204150800,253,10.9,-9.0,3592
202204150800,254,11.5,-9.0,3913
202204150800,255,11.4,-9.0,4963
202204150800,257,11.2,-9.0,1499
202204150800,258,12.5,-9.0,5000
202204150800,259,14.1,-9.0,1978
202204150800,260,13.7,-9.0,2000
202204150800,261,12.7,-9.0,1987
202204150800,262,11.5,-9.0,2000
202204150800,263,10.9,-9.0,5000
202204150800,264,9.9,-9.0,5000
202204150800,266,11.1,-9.0,1352
202204150800,268,12.6,-9.0,1994
202204150800,271,9.0,-9.0,2000
202204150800,272,8.7,-9.0,2000
202204150800,273,8.8,-9.0,2971
202204150800,276,9.6,-9.0,5000
202204150800,277,11.0,-9.0,1986
202204150800,278,10.8,-9.0,2000
202204150800,279,10.4,-9.0,2000
202204150800,281,11.0,-9.0,4746
202204150800,283,10.2,-9.0,4633
202204150800,284,9.2,-9.0,2000
202204150800,285,10.7,-9.0,2000
202204150800,288,11.8,-9.0,4989
202204150800,289,10.0,-9.0,4017
202204150800,294,10.9,-9.0,3349
202204150800,295,11.8,-9.0,2000
202204151900,90,9.9,-9.0,5000
202204151900,93,11.6,-9.0,-9
202204151900,95,12.7,-9.0,2457
202204151900,98,14.3,-9.0,1444
202204151900,99,15.1,-9.0,1557
202204151900,100,3.0,-9.0,1756
202204151900,101,13.1,0.0,2000
202204151900,102,9.5,-9.0,2176
202204151900,104,9.1,-9.0,2000
202204151900,105,10.5,-9.0,1553
202204151900,106,9.5,-9.0,4843
202204151900,108,14.8,-9.0,2000
202204151900,112,12.2,-9.0,2000
202204151900,114,15.0,-9.0,2000
202204151900,115,6.0,-9.0,2000
202204151900,119,12.5,-9.0,2000
202204151900,121,11.1,-9.0,2000
202204151900,127,14.8,-9.0,1991
202204151900,129,11.1,-9.0,2264
202204151900,130,9.2,-9.0,5000
202204151900,131,14.7,-9.0,3042
202204151900,133,14.4,-9.0,2000
202204151900,135,14.4,-9.0,3683
202204151900,136,10.6,-9.0,2000
202204151900,137,15.7,-9.0,4964
202204151900,138,10.5,-9.0,2000
202204151900,140,10.8,-9.0,2000
202204151900,143,10.9,-9.0,2000
202204151900,146,12.9,-9.0,2000
202204151900,152,9.7,-9.0,2000
202204151900,155,12.3,-9.0,2000
202204151900,156,14.2,-9.0,2000
202204151900,159,10.7,-9.0,5000
202204151900,162,12.4,-9.0,2000
202204151900,165,10.9,-9.0,2000
202204151900,168,12.5,-9.0,2000
202204151900,169,9.3,-9.0,1041
202204151900,170,14.3,-9.0,2000
202204151900,172,10.4,-9.0,1788
202204151900,174,14.4,-9.0,1614
202204151900,177,13.6,-9.0,4065
202204151900,181,13.3,-9.0,5000
202204151900,184,13.4,-9.0,3045
202204151900,185,12.2,-9.0,2000
202204151900,188,12.9,-9.0,2000
202204151900,189,16.4,-9.0,2000
202204151900,192,13.3,-9.0,2000
202204151900,201,14.7,-9.0,3038
202204151900,202,15.9,-9.0,2000
202204151900,203,14.9,-9.0,2000
202204151900,211,9.8,-9.0,5009
202204151900,212,12.6,-9.0,5009
202204151900,216,3.3,-9.0,2000
202204151900,217,8.6,-9.0,1640
202204151900,221,11.4,-9.0,2000
202204151900,226,14.1,-9.0,2384
202204151900,232,12.9,-9.0,3426
202204151900,235,9.8,-9.0,2000
202204151900,236,14.4,-9.0,2000
202204151900,238,13.9,-9.0,2000
202204151900,239,13.7,-9.0,1679
202204151900,243,10.4,-9.0,3195
202204151900,244,11.8,-9.0,2000
202204151900,245,11.2,-9.0,2000
202204151900,247,13.2,-9.0,2545
202204151900,248,11.9,-9.0,1822
202204151900,251,11.4,-9.0,4816
202204151900,252,10.3,-9.0,1861
202204151900,253,12.3,-9.0,4984
202204151900,254,13.3,-9.0,3665
202204151900,255,14.3,-9.0,-9
202204151900,257,12.0,-9.0,1656
202204151900,258,14.9,-9.0,4971
202204151900,259,14.6,-9.0,1482
202204151900,260,14.5,-9.0,2000
202204151900,261,11.6,-9.0,2000
202204151900,262,12.1,-9.0,2000
202204151900,263,15.6,-9.0,4802
202204151900,264,15.8,-9.0,3654
202204151900,266,12.7,-9.0,1138
202204151900,268,11.3,-9.0,2000
202204151900,271,8.6,0.0,2000
202204151900,272,10.1,0.0,2000
202204151900,273,14.7,-9.0,3333
202204151900,276,8.8,-9.0,5000
202204151900,277,9.4,-9.0,2000
202204151900,278,12.1,-9.0,2000
202204151900,279,16.9,-9.0,2000
202204151900,281,10.3,-9.0,4924
202204151900,283,9.9,-9.0,4539
202204151900,284,15.4,-9.0,2000
202204151900,285,17.1,-9.0,2000
202204151900,288,13.6,-9.0,5000
202204151900,289,16.5,-9.0,3033
202204151900,294,11.5,-9.0,4796
202204151900,295,12.0,-9.0,2000
202205150800,90,16.4,-9.0,5000
202205150800,93,10.3,-9.0,2000
202205150800,95,10.0,-9.0,5009
202205150800,98,12.1,-9.0,2955
202205150800,99,10.6,-9.0,2360
202205150800,100,7.2,-9.0,1765
202205150800,101,10.4,-9.0,2000
202205150800,102,13.0,-9.0,4384
202205150800,104,15.2,-9.0,2000
202205150800,105,14.5,-9.0,5000
202205150800,106,16.2,-9.0,5000
202205150800,108,14.0,-9.0,2000
202205150800,112,13.8,-9.0,2000
202205150800,114,10.8,-9.0,1994
202205150800,115,15.1,-9.0,2000
202205150800,119,14.1,-9.0,2000
202205150800,121,9.9,-9.0,2000
202205150800,127,11.5,-9.0,1911
202205150800,129,12.9,-9.0,1547
202205150800,130,14.9,-9.0,5000
202205150800,131,12.8,-9.0,3453
202205150800,133,13.4,-9.0,2000
202205150800,135,11.2,-9.0,4997
202205150800,136,11.8,-9.0,1986
202205150800,137,12.6,-9.0,5000
202205150800,138,15.5,-9.0,2000
202205150800,140,12.6,-9.0,2000
202205150800,143,15.3,-9.0,2000
202205150800,146,12.7,-9.0,2000
202205150800,152,14.2,-9.0,2000
202205150800,155,14.3,-9.0,2000
202205150800,156,14.1,-9.0,2000
202205150800,159,15.4,-9.0,5000
202205150800,162,15.8,-9.0,2000
202205150800,165,13.8,-9.0,2000
202205150800,168,14.2,-9.0,2000
202205150800,169,15.0,-9.0,5000
202205150800,170,14.7,-9.0,2000
202205150800,172,13.3,-9.0,1996
202205150800,174,12.7,-9.0,2000
202205150800,177,12.6,-9.0,3341
202205150800,181,12.5,-9.0,3773
202205150800,184,15.3,-9.0,5000
202205150800,185,14.4,-9.0,2000
202205150800,188,14.4,-9.0,2000
202205150800,189,18.2,-9.0,2000
202205150800,192,15.1,-9.0,2000
202205150800,201,13.8,-9.0,4504
202205150800,202,10.4,-9.0,2000
202205150800,203,12.3,-9.0,1856
202205150800,211,8.7,-9.0,1570
202205150800,212,8.5,-9.0,4645
202205150800,216,9.5,-9.0,2000
202205150800,217,10.1,-9.0,1698
202205150800,221,10.3,-9.0,1990
202205150800,226,10.5,-9.0,2889
202205150800,232,12.5,-9.0,4145
202205150800,235,13.7,-9.0,1989
202205150800,236,11.8,-9.0,1993
202205150800,238,10.0,-9.0,2000
202205150800,239,11.8,-9.0,1818
202205150800,243,13.6,-9.0,3961
202205150800,244,10.9,-9.0,1998
202205150800,245,13.0,-9.0,1897
202205150800,247,12.5,-9.0,5262
202205150800,248,10.6,-9.0,1952
202205150800,251,13.5,-9.0,4830
202205150800,252,13.3,-9.0,1353
202205150800,253,14.5,-9.0,5000
202205150800,254,13.2,-9.0,5000
202205150800,255,14.9,-9.0,5000
202205150800,257,16.0,-9.0,1500
202205150800,258,14.9,-9.0,5000
202205150800,259,14.1,-9.0,1952
202205150800,260,13.6,-9.0,2000
202205150800,261,13.0,-9.0,2000
202205150800,262,13.6,-9.0,2000
202205150800,263,14.5,-9.0,4732
202205150800,264,14.0,-9.0,5000
202205150800,266,14.1,-9.0,1492
202205150800,268,14.3,-9.0,2000
202205150800,271,10.2,-9.0,2000
202205150800,272,13.2,-9.0,2000
202205150800,273,13.0,-9.0,4425
202205150800,276,12.3,-9.0,5000
202205150800,277,14.3,-9.0,2000
202205150800,278,12.6,-9.0,2000
202205150800,279,14.5,-9.0,2000
202205150800,281,14.5,-9.0,4153
202205150800,283,15.3,-9.0,4905
202205150800,284,13.3,-9.0,2000
202205150800,285,13.8,-9.0,1995
202205150800,288,15.5,-9.0,5000
202205150800,289,13.4,-9.0,5211
202205150800,294,15.4,-9.0,5000
202205150800,295,15.3,-9.0,2000
202205151900,90,15.4,-9.0,5000
202205151900,93,19.0,-9.0,-9
202205151900,95,18.1,-9.0,5009
202205151900,98,17.5,-9.0,2831
202205151900,99,17.2,-9.0,1746
202205151900,100,13.1,-9.0,1567
202205151900,101,19.4,-9.0,2000
202205151900,102,14.7,-9.0,4541
202205151900,104,14.9,-9.0,2000
202205151900,105,17.6,-9.0,5000
202205151900,106,15.3,-9.0,5000
202205151900,108,17.8,-9.0,2000
202205151900,112,15.8,-9.0,1587
202205151900,114,18.2,-9.0,2000
202205151900,115,13.2,-9.0,2000
202205151900,119,16.8,-9.0,2000
202205151900,121,17.9,-9.0,2000
202205151900,127,17.8,-9.0,1932
202205151900,129,16.6,-9.0,1239
202205151900,130,15.1,-9.0,5000
202205151900,131,18.3,-9.0,4665
202205151900,133,17.7,-9.0,2000
202205151900,135,16.2,-9.0,4998
202205151900,136,18.3,-9.0,2000
202205151900,137,18.2,-9.0,-9
202205151900,138,16.9,-9.0,2000
202205151900,140,16.4,-9.0,2000
202205151900,143,20.2,-9.0,1950
202205151900,146,17.2,-9.0,2000
202205151900,152,15.8,-9.0,2000
202205151900,155,16.3,-9.0,2000
202205151900,156,17.2,-9.0,2000
202205151900,159,16.4,-9.0,5000
202205151900,162,16.2,-9.0,2000
202205151900,165,15.6,-9.0,2000
202205151900,168,16.5,-9.0,2000
202205151900,169,13.3,-9.0,5000
202205151900,170,16.8,-9.0,2000
202205151900,172,15.5,-9.0,2467
202205151900,174,16.7,-9.0,1996
202205151900,177,17.1,-9.0,5000
202205151900,181,17.6,-9.0,5000
202205151900,184,16.2,-9.0,4607
202205151900,185,14.8,-9.0,2000
202205151900,188,15.4,-9.0,2000
202205151900,189,17.1,-9.0,2000
202205151900,192,16.5,-9.0,2000
202205151900,201,15.9,-9.0,5660
202205151900,202,18.0,-9.0,2000
202205151900,203,17.4,-9.0,2000
202205151900,211,18.0,-9.0,2488
202205151900,212,18.4,-9.0,2298
202205151900,216,13.5,-9.0,2000
202205151900,217,17.0,-9.0,1666
202205151900,221,17.4,-9.0,2000
202205151900,226,17.2,-9.0,3693
202205151900,232,16.6,-9.0,5000
202205151900,235,14.4,-9.0,2000
202205151900,236,17.4,-9.0,2000
202205151900,238,16.9,-9.0,2000
202205151900,239,17.0,-9.0,2719
202205151900,243,16.1,-9.0,4721
202205151900,244,15.1,-9.0,2000
202205151900,245,15.6,-9.0,1923
202205151900,247,16.4,-9.0,4501
202205151900,248,14.4,-9.0,2000
202205151900,251,16.1,-9.0,5000
202205151900,252,15.5,-9.0,1995
202205151900,253,16.5,-9.0,4950
202205151900,254,16.2,-9.0,5000
202205151900,255,16.6,-9.0,5000
202205151900,257,17.4,-9.0,1230
202205151900,258,18.2,-9.0,4848
202205151900,259,17.1,-9.0,1239
202205151900,260,17.1,-9.0,2000
202205151900,261,15.4,-9.0,2000
202205151900,262,17.4,-9.0,2000
202205151900,263,18.5,-9.0,4919
202205151900,264,18.3,-9.0,4974
202205151900,266,16.8,-9.0,1336
202205151900,268,15.2,-9.0,2000
202205151900,271,16.6,-9.0,2000
202205151900,272,16.9,-9.0,2000
202205151900,273,17.1,-9.0,4499
202205151900,276,17.7,-9.0,4775
202205151900,277,14.6,-9.0,2000
202205151900,278,19.1,-9.0,2000
202205151900,279,19.0,-9.0,2000
202205151900,281,17.0,-9.0,4303
202205151900,283,16.9,-9.0,4708
202205151900,284,17.7,-9.0,2000
202205151900,285,19.4,-9.0,2000
202205151900,288,18.0,-9.0,4976
202205151900,289,18.8,-9.0,4537
202205151900,294,15.9,-9.0,5000
202205151900,295,16.0,-9.0,2000
202206150800,90,14.1,0.4,763
202206150800,93,14.5,0.2,800
202206150800,95,14.5,-9.0,5009
202206150800,98,14.3,-9.0,4112
202206150800,99,14.4,0.1,3635
202206150800,100,11.3,0.7,1803
202206150800,101,14.8,0.2,1462
202206150800,102,14.4,0.8,1051
202206150800,104,14.2,0.9,1769
202206150800,105,15.6,2.6,4677
202206150800,106,15.7,0.4,5000
202206150800,108,15.3,0.0,1304
202206150800,112,15.3,0.6,948
202206150800,114,14.6,0.6,1979
202206150800,115,18.1,4.6,15
202206150800,119,15.8,0.1,2000
202206150800,121,14.0,1.4,297
202206150800,127,15.1,0.1,1438
202206150800,129,16.9,0.4,3679
202206150800,130,16.1,0.6,1253
202206150800,131,16.2,0.0,2112
202206150800,133,16.4,0.7,1389
202206150800,135,14.8,-9.0,1444
202206150800,136,14.8,0.0,2000
202206150800,137,15.0,0.0,1534
202206150800,138,16.2,0.0,2000
202206150800,140,17.2,0.9,-9
202206150800,143,17.1,-9.0,2000
202206150800,146,19.7,-9.0,2000
202206150800,152,16.0,0.0,1124
202206150800,155,17.0,-9.0,2000
202206150800,156,18.7,0.2,1618
202206150800,159,17.5,-9.0,4540
202206150800,162,17.6,-9.0,2000
202206150800,165,19.8,-9.0,2000
202206150800,168,18.0,-9.0,2000
202206150800,169,17.7,0.0,14
202206150800,170,19.0,-9.0,2000
202206150800,172,19.2,0.0,1868
202206150800,174,17.0,0.0,1387
202206150800,177,16.0,0.2,1110
202206150800,181,15.5,-9.0,2847
202206150800,184,21.6,-9.0,3964
202206150800,185,20.6,-9.0,1603
202206150800,188,21.4,-9.0,2000
202206150800,189,20.5,0.0,1857
202206150800,192,17.0,0.1,2000
202206150800,201,14.4,1.3,1080
202206150800,202,14.9,0.4,667
202206150800,203,14.6,0.2,294
202206150800,211,13.9,0.5,3097
202206150800,212,14.1,1.5,3410
202206150800,216,11.8,2.9,486
202206150800,217,13.8,0.5,948
202206150800,221,13.7,0.7,429
202206150800,226,15.3,1.0,838
202206150800,232,15.6,0.1,1917
202206150800,235,17.6,1.0,1029
202206150800,236,15.8,10.2,134
202206150800,238,16.1,0.1,1999
202206150800,239,15.7,0.8,528
202206150800,243,19.7,-9.0,3416
202206150800,244,16.4,-9.0,2000
202206150800,245,19.2,0.0,1982
202206150800,247,17.2,-9.0,4157
202206150800,248,17.4,-9.0,1897
202206150800,251,18.7,0.0,3519
202206150800,252,19.2,-9.0,376
202206150800,253,16.7,-9.0,2329
202206150800,254,17.3,1.3,2333
202206150800,255,17.6,-9.0,2202
202206150800,257,17.5,-9.0,1470
202206150800,258,18.7,-9.0,2980
202206150800,259,19.5,-9.0,1759
202206150800,260,18.8,-9.0,2000
202206150800,261,20.9,-9.0,2000
202206150800,262,18.6,-9.0,2000
202206150800,263,17.6,-9.0,4482
202206150800,264,16.7,-9.0,5000
202206150800,266,18.2,-9.0,1731
202206150800,268,19.9,-9.0,1809
202206150800,271,14.2,0.4,1738
202206150800,272,14.0,0.3,415
202206150800,273,14.5,0.6,1372
202206150800,276,14.6,0.3,1581
202206150800,277,16.2,-9.0,1868
202206150800,278,15.9,-9.0,2000
202206150800,279,18.1,-9.0,2000
202206150800,281,16.0,-9.0,2294
202206150800,283,15.9,-9.0,2620
202206150800,284,16.4,-9.0,2000
202206150800,285,17.6,-9.0,2000
202206150800,288,17.9,-9.0,5000
202206150800,289,16.8,-9.0,5167
202206150800,294,17.7,-9.0,4998
202206150800,295,17.6,-9.0,2000
202206151900,90,15.4,-9.0,3029
202206151900,93,17.7,-9.0,-9
202206151900,95,16.5,1.0,5009
202206151900,98,17.0,0.5,937
202206151900,99,16.8,-9.0,2443
202206151900,100,11.8,-9.0,1377
202206151900,101,18.4,-9.0,2000
202206151900,102,15.3,-9.0,2395
202206151900,104,15.4,-9.0,2000
202206151900,105,16.6,-9.0,1460
202206151900,106,16.3,-9.0,4760
202206151900,108,19.9,-9.0,1984
202206151900,112,19.3,-9.0,464
202206151900,114,18.4,5.2,652
202206151900,115,17.9,-9.0,1987
202206151900,119,21.0,-9.0,1447
202206151900,121,18.4,2.5,1049
202206151900,127,20.3,0.0,1488
202206151900,129,20.2,0.1,1800
202206151900,130,17.1,-9.0,4499
202206151900,131,23.0,-9.0,1200
202206151900,133,22.3,-9.0,966
202206151900,135,19.1,4.6,2311
202206151900,136,22.8,-9.0,2000
202206151900,137,21.7,-9.0,4717
202206151900,138,19.3,2.2,2000
202206151900,140,21.4,-9.0,1190
202206151900,143,20.6,0.3,1262
202206151900,146,22.5,-9.0,2000
202206151900,152,22.6,-9.0,2000
202206151900,155,21.8,-9.0,2000
202206151900,156,23.6,-9.0,1017
202206151900,159,20.7,-9.0,3586
202206151900,162,21.5,-9.0,1967
202206151900,165,22.5,-9.0,1975
202206151900,168,21.4,-9.0,961
202206151900,169,21.9,-9.0,1573
202206151900,170,22.2,-9.0,996
202206151900,172,22.8,-9.0,1063
202206151900,174,23.3,-9.0,1135
202206151900,177,20.3,0.7,462
202206151900,181,22.2,-9.0,996
202206151900,184,25.6,-9.0,1301
202206151900,185,21.5,-9.0,388
202206151900,188,23.5,-9.0,1676
202206151900,189,21.5,-9.0,442
202206151900,192,22.6,-9.0,1775
202206151900,201,17.8,0.0,1655
202206151900,202,18.1,0.8,392
202206151900,203,18.1,0.0,211
202206151900,211,16.6,-9.0,1163
202206151900,212,17.6,1.3,4537
202206151900,216,16.9,-9.0,2000
202206151900,217,18.2,-9.0,1181
202206151900,221,18.6,1.2,829
202206151900,226,21.9,-9.0,851
202206151900,232,21.9,-9.0,855
202206151900,235,20.3,-9.0,407
202206151900,236,21.3,-9.0,1634
202206151900,238,21.1,-9.0,933
202206151900,239,21.3,-9.0,2076
202206151900,243,22.3,-9.0,2198
202206151900,244,21.9,-9.0,959
202206151900,245,22.4,-9.0,1468
202206151900,247,23.2,-9.0,1163
202206151900,248,21.2,-9.0,687
202206151900,251,22.5,-9.0,1614
202206151900,252,22.2,-9.0,1764
202206151900,253,22.6,-9.0,3220
202206151900,254,22.9,-9.0,1329
202206151900,255,22.1,-9.0,4307
202206151900,257,22.9,-9.0,1992
202206151900,258,23.0,-9.0,1556
202206151900,259,22.9,-9.0,939
202206151900,260,23.4,-9.0,1799
202206151900,261,21.5,-9.0,495
202206151900,262,22.1,-9.0,1432
202206151900,263,23.5,-9.0,3994
202206151900,264,23.7,-9.0,2168
202206151900,266,23.4,-9.0,1177
202206151900,268,22.5,-9.0,1277
202206151900,271,18.8,-9.0,2000
202206151900,272,18.5,-9.0,2000
202206151900,273,20.2,-9.0,3056
202206151900,276,19.8,0.3,977
202206151900,277,17.7,-9.0,2000
202206151900,278,20.7,0.0,2000
202206151900,279,20.1,0.4,981
202206151900,281,19.1,10.5,491
202206151900,283,23.0,-9.0,2310
202206151900,284,23.4,-9.0,2000
202206151900,285,23.4,-9.0,1996
202206151900,288,23.2,-9.0,4492
202206151900,289,22.6,-9.0,2679
202206151900,294,21.2,-9.0,3931
202206151900,295,21.2,-9.0,1338
202207150800,90,22.3,-9.0,4049
202207150800,93,22.9,-9.0,1100
202207150800,95,22.7,-9.0,2305
202207150800,98,22.9,-9.0,2896
202207150800,99,21.9,-9.0,4398
202207150800,100,20.2,-9.0,981
202207150800,101,23.1,-9.0,1509
202207150800,102,21.2,-9.0,809
202207150800,104,20.2,-9.0,193
202207150800,105,22.0,-9.0,1614
202207150800,106,21.0,-9.0,548
202207150800,108,24.1,-9.0,2000
202207150800,112,22.8,-9.0,1646
202207150800,114,23.0,-9.0,515
202207150800,115,22.7,-9.0,2000
202207150800,119,23.6,-9.0,1597
202207150800,121,22.4,-9.0,1860
202207150800,127,23.1,-9.0,715
202207150800,129,23.2,-9.0,1804
202207150800,130,21.9,-9.0,1423
202207150800,131,23.8,-9.0,1574
202207150800,133,23.9,-9.0,1834
202207150800,135,23.1,-9.0,3725
202207150800,136,23.2,-9.0,1724
202207150800,137,24.1,-9.0,434
202207150800,138,25.2,-9.0,2000
202207150800,140,23.3,-9.0,1164
202207150800,143,27.0,-9.0,2000
202207150800,146,24.3,-9.0,1622
202207150800,152,25.8,-9.0,2000
202207150800,155,26.4,-9.0,1575
202207150800,156,25.4,-9.0,1945
202207150800,159,25.9,-9.0,796
202207150800,162,24.3,-9.0,856
202207150800,165,25.1,-9.0,1719
202207150800,168,26.0,-9.0,2000
202207150800,169,25.8,-9.0,3149
202207150800,170,26.6,-9.0,1828
202207150800,172,25.3,-9.0,1983
202207150800,174,25.1,-9.0,1738
202207150800,177,22.6,-9.0,1232
202207150800,181,23.3,-9.0,469
202207150800,184,27.9,-9.0,2795
202207150800,185,26.7,-9.0,1988
202207150800,188,26.5,-9.0,2000
202207150800,189,27.7,-9.0,2000
202207150800,192,26.0,-9.0,1997
202207150800,201,23.7,-9.0,3857
202207150800,202,23.4,-9.0,801
202207150800,203,24.3,-9.0,1227
202207150800,211,23.3,-9.0,2743
202207150800,212,22.6,-9.0,1524
202207150800,216,20.7,-9.0,2000
202207150800,217,22.9,-9.0,1850
202207150800,221,22.9,-9.0,1179
202207150800,226,22.8,-9.0,1357
202207150800,232,23.4,-9.0,1331
202207150800,235,23.6,-9.0,1804
202207150800,236,21.2,-9.0,293
202207150800,238,20.6,-9.0,834
202207150800,239,22.4,-9.0,1298
202207150800,243,24.5,-9.0,2502
202207150800,244,20.8,-9.0,524
202207150800,245,24.8,-9.0,-9
202207150800,247,23.2,-9.0,1396
202207150800,248,20.2,-9.0,948
202207150800,251,24.1,-9.0,2180
202207150800,252,25.2,-9.0,1523
202207150800,253,25.8,-9.0,1129
202207150800,254,23.4,-9.0,1589
202207150800,255,27.1,-9.0,4628
202207150800,257,25.8,-9.0,4830
202207150800,258,26.4,-9.0,1034
202207150800,259,26.0,-9.0,1544
202207150800,260,26.0,-9.0,2000
202207150800,261,25.4,-9.0,1521
202207150800,262,25.9,-9.0,2000
202207150800,263,26.2,-9.0,2290
202207150800,264,24.5,-9.0,2668
202207150800,266,27.1,-9.0,1248
202207150800,268,25.8,-9.0,1918
202207150800,271,20.1,-9.0,938
202207150800,272,23.4,-9.0,1971
202207150800,273,25.0,-9.0,3275
202207150800,276,23.7,-9.0,4599
202207150800,277,25.7,-9.0,1980
202207150800,278,24.3,-9.0,2000
202207150800,279,26.0,-9.0,2000
202207150800,281,25.7,-9.0,3800
202207150800,283,26.3,-9.0,4074
202207150800,284,22.9,-9.0,2000
202207150800,285,24.6,-9.0,1907
202207150800,288,25.7,-9.0,2917
202207150800,289,24.1,-9.0,3245
202207150800,294,24.7,-9.0,1134
202207150800,295,26.1,-9.0,1996
202207151900,90,20.2,7.7,1266
202207151900,93,25.7,0.0,1800
202207151900,95,22.1,0.1,5009
202207151900,98,25.7,-9.0,5730
202207151900,99,26.0,0.0,5006
202207151900,100,20.6,-9.0,1501
202207151900,101,25.6,0.0,2760
202207151900,102,24.7,-9.0,1500
202207151900,104,21.4,0.0,1750
202207151900,105,24.9,0.0,5000
202207151900,106,23.0,0.0,2704
202207151900,108,28.3,-9.0,2000
202207151900,112,25.1,-9.0,1578
202207151900,114,28.0,-9.0,1470
202207151900,115,23.0,-9.0,1987
202207151900,119,27.3,-9.0,1979
202207151900,121,26.8,-9.0,2000
202207151900,127,28.2,-9.0,1942
202207151900,129,28.0,-9.0,1648
202207151900,130,24.4,-9.0,2162
202207151900,131,29.7,-9.0,2363
202207151900,133,28.9,-9.0,3738
202207151900,135,27.0,-9.0,4484
202207151900,136,29.1,-9.0,1999
202207151900,137,28.8,-9.0,5000
202207151900,138,28.9,-9.0,1985
202207151900,140,27.5,-9.0,2000
202207151900,143,31.4,-9.0,2025
202207151900,146,28.6,-9.0,2000
202207151900,152,28.5,-9.0,1949
202207151900,155,28.3,-9.0,2000
202207151900,156,29.9,-9.0,2000
202207151900,159,26.2,-9.0,1927
202207151900,162,25.5,-9.0,1335
202207151900,165,27.2,-9.0,1950
202207151900,168,27.2,-9.0,1683
202207151900,169,24.3,-9.0,2482
202207151900,170,27.4,-9.0,1670
202207151900,172,27.2,-9.0,2071
202207151900,174,27.9,-9.0,1723
202207151900,177,28.2,-9.0,3982
202207151900,181,28.4,-9.0,4053
202207151900,184,25.4,0.0,1451
202207151900,185,25.7,-9.0,1121
202207151900,188,25.1,0.4,1089
202207151900,189,25.4,-9.0,1155
202207151900,192,29.3,-9.0,2000
202207151900,201,23.6,-9.0,1459
202207151900,202,27.6,-9.0,2000
202207151900,203,27.2,-9.0,1987
202207151900,211,22.9,-9.0,5009
202207151900,212,27.3,-9.0,1887
202207151900,216,23.3,-9.0,2000
202207151900,217,25.4,-9.0,1205
202207151900,221,27.0,-9.0,1945
202207151900,226,27.4,-9.0,1915
202207151900,232,27.4,-9.0,2712
202207151900,235,25.5,-9.0,1786
202207151900,236,28.5,-9.0,3151
202207151900,238,27.3,-9.0,2000
202207151900,239,27.8,-9.0,2122
202207151900,243,26.2,-9.0,3934
202207151900,244,26.8,-9.0,1989
202207151900,245,27.5,-9.0,-9
202207151900,247,28.6,-9.0,2192
202207151900,248,24.2,-9.0,1998
202207151900,251,28.5,-9.0,4985
202207151900,252,26.9,-9.0,1781
202207151900,253,28.4,-9.0,3768
202207151900,254,28.7,-9.0,5000
202207151900,255,29.6,-9.0,4855
202207151900,257,30.4,-9.0,1418
202207151900,258,29.8,-9.0,4077
202207151900,259,29.3,-9.0,1618
202207151900,260,29.3,-9.0,2000
202207151900,261,28.6,-9.0,1852
202207151900,262,28.0,-9.0,1989
202207151900,263,32.6,-9.0,-9
202207151900,264,29.7,-9.0,3604
202207151900,266,29.9,-9.0,1336
202207151900,268,26.9,-9.0,1864
202207151900,271,24.2,-9.0,1999
202207151900,272,25.9,-9.0,2000
202207151900,273,25.8,-9.0,2153
202207151900,276,28.3,-9.0,5000
202207151900,277,24.8,-9.0,968
202207151900,278,30.0,-9.0,2000
202207151900,279,29.6,-9.0,2000
202207151900,281,29.4,-9.0,4786
202207151900,283,30.2,-9.0,1054
202207151900,284,29.2,-9.0,2000
202207151900,285,31.5,-9.0,2000
202207151900,288,31.9,-9.0,5000
202207151900,289,30.4,-9.0,4039
202207151900,294,26.1,-9.0,2215
202207151900,295,27.9,-9.0,1915
202208150800,90,27.7,-9.0,4823
202208150800,93,25.4,-9.0,2000
202208150800,95,25.5,0.8,5009
202208150800,98,27.2,0.0,4511
202208150800,99,27.1,-9.0,2239
202208150800,100,22.8,-9.0,2452
202208150800,101,26.6,-9.0,2011
202208150800,102,26.9,-9.0,393
202208150800,104,28.9,-9.0,2000
202208150800,105,28.4,-9.0,5000
202208150800,106,27.2,-9.0,5000
202208150800,108,27.7,-9.0,2000
202208150800,112,27.2,-9.0,2000
202208150800,114,27.1,-9.0,2000
202208150800,115,26.8,-9.0,2000
202208150800,119,28.1,-9.0,2000
202208150800,121,23.2,-9.0,1273
202208150800,127,27.1,-9.0,2000
202208150800,129,27.5,-9.0,2965
202208150800,130,28.8,-9.0,5000
202208150800,131,28.8,-9.0,5145
202208150800,133,28.1,-9.0,5000
202208150800,135,25.7,-9.0,4318
202208150800,136,26.7,-9.0,1947
202208150800,137,26.6,-9.0,4999
202208150800,138,29.7,-9.0,2000
202208150800,140,27.7,-9.0,2000
202208150800,143,29.4,-9.0,1994
202208150800,146,29.2,-9.0,2000
202208150800,152,29.5,-9.0,2000
202208150800,155,29.4,-9.0,2000
202208150800,156,28.7,-9.0,2000
202208150800,159,29.2,-9.0,5000
202208150800,162,27.9,-9.0,2000
202208150800,165,29.0,-9.0,2000
202208150800,168,27.1,-9.0,2000
202208150800,169,27.2,-9.0,3018
202208150800,170,29.8,-9.0,2000
202208150800,172,28.7,-9.0,1770
202208150800,174,28.0,-9.0,1976
202208150800,177,29.0,-9.0,5000
202208150800,181,28.0,-9.0,4439
202208150800,184,30.9,-9.0,5000
202208150800,185,29.1,-9.0,2000
202208150800,188,30.2,-9.0,2000
202208150800,189,29.2,-9.0,2000
202208150800,192,28.7,-9.0,1981
202208150800,201,27.4,-9.0,3750
202208150800,202,25.9,-9.0,1858
202208150800,203,27.2,-9.0,1884
202208150800,211,26.5,-9.0,5009
202208150800,212,27.1,-9.0,5009
202208150800,216,23.7,-9.0,2000
202208150800,217,25.8,-9.0,1540
202208150800,221,24.6,-9.0,1989
202208150800,226,25.9,-9.0,3208
202208150800,232,27.4,-9.0,4996
202208150800,235,28.0,-9.0,1987
202208150800,236,28.1,-9.0,5000
202208150800,238,28.5,-9.0,2000
202208150800,239,27.7,-9.0,1866
202208150800,243,28.4,-9.0,5000
202208150800,244,26.1,-9.0,2000
202208150800,245,28.4,-9.0,2000
202208150800,247,28.5,-9.0,5800
202208150800,248,26.8,-9.0,2000
202208150800,251,28.2,-9.0,5000
202208150800,252,28.5,-9.0,1496
202208150800,253,29.5,-9.0,5000
202208150800,254,28.4,-9.0,5000
202208150800,255,29.4,-9.0,5000
202208150800,257,30.2,-9.0,1803
202208150800,258,29.2,-9.0,4938
202208150800,259,29.2,-9.0,1575
202208150800,260,29.2,-9.0,2000
202208150800,261,29.0,-9.0,2000
202208150800,262,27.8,-9.0,2000
202208150800,263,29.3,-9.0,5000
202208150800,264,27.3,-9.0,3222
202208150800,266,27.9,-9.0,1881
202208150800,268,28.6,-9.0,2000
202208150800,271,24.4,-9.0,2000
202208150800,272,24.0,-9.0,747
202208150800,273,24.8,-9.0,1207
202208150800,276,24.9,-9.0,1103
202208150800,277,26.7,-9.0,2000
202208150800,278,28.7,-9.0,2000
202208150800,279,28.1,-9.0,2000
202208150800,281,27.7,-9.0,2709
202208150800,283,30.5,-9.0,3030
202208150800,284,27.7,-9.0,2000
202208150800,285,28.5,-9.0,1979
202208150800,288,29.7,-9.0,4952
202208150800,289,26.1,-9.0,2560
202208150800,294,28.2,-9.0,5000
202208150800,295,28.7,-9.0,2000
202208151900,90,32.3,0.0,5000
202208151900,93,27.2,0.9,1100
202208151900,95,27.2,6.6,5009
202208151900,98,26.0,36.1,805
202208151900,99,26.3,5.4,4376
202208151900,100,25.2,-9.0,1623
202208151900,101,27.7,1.4,1077
202208151900,102,25.3,-9.0,1054
202208151900,104,30.7,-9.0,2000
202208151900,105,32.1,-9.0,5000
202208151900,106,29.6,-9.0,5000
202208151900,108,27.9,0.7,1034
202208151900,112,26.8,0.0,682
202208151900,114,28.5,-9.0,2000
202208151900,115,25.1,-9.0,2000
202208151900,119,28.4,0.0,1606
202208151900,121,27.6,0.0,2000
202208151900,127,29.2,-9.0,2000
202208151900,129,27.3,-9.0,1427
202208151900,130,29.6,-9.0,5000
202208151900,131,29.7,-9.0,4428
202208151900,133,28.5,-9.0,5000
202208151900,135,26.7,0.0,4167
202208151900,136,28.8,0.0,2000
202208151900,137,29.1,-9.0,5000
202208151900,138,32.1,-9.0,2000
202208151900,140,28.7,-9.0,2000
202208151900,143,31.1,-9.0,2000
202208151900,146,29.6,0.0,2000
202208151900,152,29.9,-9.0,2000
202208151900,155,29.4,-9.0,2000
202208151900,156,29.0,-9.0,2000
202208151900,159,28.5,-9.0,5000
202208151900,162,28.6,-9.0,2000
202208151900,165,29.2,-9.0,2000
202208151900,168,28.1,-9.0,1600
202208151900,169,27.1,-9.0,4091
202208151900,170,29.2,-9.0,2000
202208151900,172,28.8,-9.0,2710
202208151900,174,28.1,-9.0,1997
202208151900,177,28.5,-9.0,3481
202208151900,181,28.4,-9.0,5000
202208151900,184,32.7,-9.0,5000
202208151900,185,28.9,-9.0,2000
202208151900,188,29.5,-9.0,2000
202208151900,189,28.7,-9.0,2000
202208151900,192,29.2,-9.0,2000
202208151900,201,26.3,7.7,1233
202208151900,202,28.3,0.1,2000
202208151900,203,28.4,-9.0,1897
202208151900,211,28.0,0.0,5009
202208151900,212,26.8,0.7,1572
202208151900,216,25.9,-9.0,2000
202208151900,217,27.8,-9.0,1420
202208151900,221,27.0,-9.0,2000
202208151900,226,27.9,-9.0,4784
202208151900,232,28.3,-9.0,4933
202208151900,235,28.0,-9.0,1830
202208151900,236,28.7,-9.0,4154
202208151900,238,28.9,-9.0,2000
202208151900,239,28.3,-9.0,2525
202208151900,243,28.5,0.0,4812
202208151900,244,27.4,-9.0,2000
202208151900,245,28.8,0.0,2000
202208151900,247,29.0,-9.0,5692
202208151900,248,27.0,-9.0,2000
202208151900,251,28.7,-9.0,5000
202208151900,252,28.5,-9.0,1381
202208151900,253,29.1,-9.0,5000
202208151900,254,29.2,-9.0,5000
202208151900,255,29.1,-9.0,5000
202208151900,257,30.3,-9.0,1660
202208151900,258,28.9,-9.0,5000
202208151900,259,29.0,-9.0,1532
202208151900,260,29.0,-9.0,2000
202208151900,261,28.7,-9.0,2000
202208151900,262,28.0,-9.0,2000
202208151900,263,29.9,-9.0,5000
202208151900,264,27.4,-9.0,5000
202208151900,266,29.1,-9.0,1631
202208151900,268,28.3,-9.0,1994
202208151900,271,26.7,-9.0,2000
202208151900,272,28.7,-9.0,2000
202208151900,273,27.0,-9.0,4679
202208151900,276,29.6,-9.0,5000
202208151900,277,29.6,-9.0,2000
202208151900,278,30.1,0.0,2000
202208151900,279,30.0,0.0,2000
202208151900,281,29.9,-9.0,4419
202208151900,283,30.3,-9.0,3762
202208151900,284,28.8,-9.0,2000
202208151900,285,29.1,-9.0,2000
202208151900,288,30.0,-9.0,5000
202208151900,289,29.3,-9.0,4641
202208151900,294,28.3,-9.0,5000
202208151900,295,28.7,-9.0,2000
202209150800,90,22.0,-9.0,3149
202209150800,93,23.3,-9.0,2000
202209150800,95,22.6,-9.0,5009
202209150800,98,22.2,-9.0,1196
202209150800,99,20.7,-9.0,2333
202209150800,100,16.1,-9.0,1711
202209150800,101,20.9,-9.0,1504
202209150800,102,21.5,-9.0,3099
202209150800,104,21.3,-9.0,1961
202209150800,105,21.3,-9.0,5000
202209150800,106,21.9,-9.0,3462
202209150800,108,23.3,-9.0,2000
202209150800,112,23.6,-9.0,2000
202209150800,114,20.8,-9.0,1992
202209150800,115,20.5,-9.0,2000
202209150800,119,23.9,-9.0,1895
202209150800,121,22.1,-9.0,1985
202209150800,127,22.2,-9.0,2000
202209150800,129,22.4,-9.0,4766
202209150800,130,22.9,-9.0,2668
202209150800,131,24.3,-9.0,4990
202209150800,133,23.9,-9.0,5000
202209150800,135,20.8,-9.0,4559
202209150800,136,22.0,-9.0,1987
202209150800,137,21.2,-9.0,4946
202209150800,138,23.1,-9.0,1996
202209150800,140,23.2,-9.0,2000
202209150800,143,23.4,-9.0,1949
202209150800,146,24.9,-9.0,2000
202209150800,152,23.0,-9.0,1999
202209150800,155,23.1,-9.0,2000
202209150800,156,23.2,-9.0,2000
202209150800,159,23.4,-9.0,4496
202209150800,162,23.7,-9.0,1969
202209150800,165,25.0,-9.0,1992
202209150800,168,23.0,-9.0,2000
202209150800,169,21.9,-9.0,2712
202209150800,170,25.3,-9.0,2000
202209150800,172,26.1,-9.0,1629
202209150800,174,24.7,-9.0,1814
202209150800,177,23.6,-9.0,4747
202209150800,181,21.7,-9.0,3835
202209150800,184,24.9,0.2,785
202209150800,185,27.2,-9.0,2000
202209150800,188,26.0,-9.0,1735
202209150800,189,25.5,-9.0,830
202209150800,192,22.7,-9.0,1938
202209150800,201,22.0,-9.0,5538
202209150800,202,22.9,-9.0,2000
202209150800,203,21.3,-9.0,1845
202209150800,211,21.7,-9.0,1538
202209150800,212,18.7,-9.0,2480
202209150800,216,17.1,-9.0,1982
202209150800,217,20.8,-9.0,1328
202209150800,221,21.2,-9.0,1926
202209150800,226,22.1,-9.0,2781
202209150800,232,22.5,-9.0,3301
202209150800,235,24.7,-9.0,2000
202209150800,236,23.1,-9.0,4148
202209150800,238,22.3,-9.0,1762
202209150800,239,23.8,-9.0,1562
202209150800,243,23.6,-9.0,4784
202209150800,244,24.3,-9.0,1994
202209150800,245,22.4,-9.0,1949
202209150800,247,23.5,-9.0,3363
202209150800,248,19.8,-9.0,1775
202209150800,251,25.3,-9.0,5000
202209150800,252,25.7,-9.0,1894
202209150800,253,24.1,-9.0,2434
202209150800,254,24.6,-9.0,4851
202209150800,255,25.0,-9.0,5000
202209150800,257,24.5,-9.0,1570
202209150800,258,24.5,-9.0,4140
202209150800,259,24.6,-9.0,1580
202209150800,260,24.6,-9.0,2000
202209150800,261,24.0,-9.0,2000
202209150800,262,23.2,-9.0,2000
202209150800,263,22.8,-9.0,2792
202209150800,264,21.3,-9.0,2877
202209150800,266,23.0,-9.0,1639
202209150800,268,26.1,-9.0,1967
202209150800,271,20.6,-9.0,2000
202209150800,272,20.7,-9.0,1959
202209150800,273,21.4,-9.0,2236
202209150800,276,22.5,-9.0,4907
202209150800,277,21.7,-9.0,1842
202209150800,278,20.2,-9.0,2000
202209150800,279,21.1,-9.0,1948
202209150800,281,23.2,-9.0,2114
202209150800,283,22.7,-9.0,2128
202209150800,284,20.9,-9.0,2000
202209150800,285,23.2,-9.0,1228
202209150800,288,24.5,-9.0,4049
202209150800,289,20.5,-9.0,1538
202209150800,294,23.3,-9.0,4058
202209150800,295,22.0,-9.0,1932
202209151900,90,21.9,-9.0,2287
202209151900,93,24.5,-9.0,-9
202209151900,95,22.5,-9.0,5009
202209151900,98,23.7,-9.0,946
202209151900,99,23.0,-9.0,2183
202209151900,100,16.2,-9.0,1590
202209151900,101,24.9,-9.0,1620
202209151900,102,22.1,0.0,2429
202209151900,104,19.9,-9.0,2000
202209151900,105,22.8,-9.0,4828
202209151900,106,21.6,-9.0,4727
202209151900,108,26.7,-9.0,2000
202209151900,112,27.0,-9.0,2000
202209151900,114,26.3,-9.0,2000
202209151900,115,20.1,-9.0,2000
202209151900,119,27.1,-9.0,2000
202209151900,121,23.5,-9.0,2000
202209151900,127,25.0,-9.0,2000
202209151900,129,26.0,-9.0,4719
202209151900,130,21.6,-9.0,2667
202209151900,131,27.5,-9.0,4758
202209151900,133,26.5,-9.0,4755
202209151900,135,23.6,-9.0,4625
202209151900,136,22.8,-9.0,2000
202209151900,137,24.3,-9.0,4915
202209151900,138,22.9,-9.0,2000
202209151900,140,27.7,-9.0,2000
202209151900,143,23.1,-9.0,2000
202209151900,146,27.8,-9.0,2000
202209151900,152,22.1,-9.0,2000
202209151900,155,24.3,-9.0,2000
202209151900,156,26.6,-9.0,1685
202209151900,159,23.2,-9.0,3447
202209151900,162,24.1,-9.0,2000
202209151900,165,26.3,-9.0,2000
202209151900,168,24.9,-9.0,2000
202209151900,169,20.7,-9.0,941
202209151900,170,24.5,-9.0,1881
202209151900,172,26.8,-9.0,1672
202209151900,174,24.9,-9.0,1527
202209151900,177,26.5,-9.0,3119
202209151900,181,25.6,-9.0,4945
202209151900,184,26.0,-9.0,1097
202209151900,185,26.2,0.0,1054
202209151900,188,25.9,-9.0,1564
202209151900,189,25.4,-9.0,1130
202209151900,192,24.2,-9.0,1739
202209151900,201,24.8,-9.0,3437
202209151900,202,25.1,-9.0,2000
202209151900,203,25.1,-9.0,1698
202209151900,211,21.4,-9.0,1477
202209151900,212,23.6,-9.0,4096
202209151900,216,17.1,-9.0,1012
202209151900,217,21.9,-9.0,1545
202209151900,221,22.2,-9.0,1866
202209151900,226,23.2,-9.0,2258
202209151900,232,25.6,-9.0,3141
202209151900,235,28.1,-9.0,2000
202209151900,236,26.2,-9.0,3399
202209151900,238,25.5,-9.0,1259
202209151900,239,26.1,-9.0,1846
202209151900,243,27.2,-9.0,4345
202209151900,244,25.1,-9.0,1997
202209151900,245,26.8,-9.0,2000
202209151900,247,25.1,-9.0,2727
202209151900,248,23.5,-9.0,1999
202209151900,251,27.2,-9.0,4980
202209151900,252,27.2,-9.0,2043
202209151900,253,23.6,-9.0,3675
202209151900,254,26.1,-9.0,4256
202209151900,255,24.8,-9.0,5000
202209151900,257,24.0,-9.0,855
202209151900,258,25.7,-9.0,3679
202209151900,259,25.6,-9.0,1485
202209151900,260,25.0,-9.0,2000
202209151900,261,24.5,-9.0,1832
202209151900,262,24.2,-9.0,2000
202209151900,263,25.2,-9.0,3158
202209151900,264,22.9,-9.0,2062
202209151900,266,25.6,-9.0,1645
202209151900,268,25.0,-9.0,1972
202209151900,271,20.3,-9.0,1993
202209151900,272,21.6,-9.0,2000
202209151900,273,24.0,-9.0,3499
202209151900,276,20.1,-9.0,4683
202209151900,277,20.6,-9.0,2000
202209151900,278,23.5,-9.0,2000
202209151900,279,24.6,-9.0,2000
202209151900,281,21.6,-9.0,2587
202209151900,283,22.0,-9.0,2860
202209151900,284,23.0,-9.0,1951
202209151900,285,24.4,-9.0,2000
202209151900,288,24.1,-9.0,3993
202209151900,289,23.6,-9.0,1339
202209151900,294,23.4,-9.0,3638
202209151900,295,24.7,-9.0,2000
202210150800,90,15.3,-9.0,-9
202210150800,93,12.7,-9.0,400
202210150800,95,9.6,-9.0,1651
202210150800,98,9.8,-9.0,192
202210150800,99,10.3,-9.0,4800
202210150800,100,6.2,-9.0,54
202210150800,101,13.1,-9.0,1478
202210150800,102,14.4,-9.0,912
202210150800,104,15.6,-9.0,2000
202210150800,105,15.2,-9.0,4958
202210150800,106,14.1,-9.0,2345
202210150800,108,13.3,-9.0,1971
202210150800,112,14.0,-9.0,1169
202210150800,114,12.2,-9.0,46
202210150800,115,16.6,-9.0,2000
202210150800,119,13.8,-9.0,632
202210150800,121,11.5,-9.0,631
202210150800,127,13.5,-9.0,562
202210150800,129,14.2,-9.0,598
202210150800,130,14.5,-9.0,5000
202210150800,131,14.7,-9.0,663
202210150800,133,14.5,-9.0,2144
202210150800,135,11.1,-9.0,1175
202210150800,136,12.9,-9.0,1362
202210150800,137,12.5,-9.0,1948
202210150800,138,16.3,-9.0,2000
202210150800,140,13.8,-9.0,359
202210150800,143,14.3,-9.0,1574
202210150800,146,14.7,-9.0,2000
202210150800,152,17.4,-9.0,2000
202210150800,155,16.1,-9.0,1373
202210150800,156,13.3,-9.0,1182
202210150800,159,18.3,-9.0,5000
202210150800,162,15.3,-9.0,2000
202210150800,165,14.6,-9.0,886
202210150800,168,16.2,-9.0,2000
202210150800,169,17.2,-9.0,1989
202210150800,170,16.5,-9.0,1663
202210150800,172,12.5,-9.0,390
202210150800,174,10.4,-9.0,735
202210150800,177,11.3,-9.0,173
202210150800,181,11.4,-9.0,14
202210150800,184,19.4,-9.0,4703
202210150800,185,19.0,-9.0,4152
202210150800,188,19.4,-9.0,4898
202210150800,189,19.6,-9.0,5000
202210150800,192,12.5,-9.0,1849
202210150800,201,11.5,-9.0,1496
202210150800,202,12.5,-9.0,32
202210150800,203,11.6,-9.0,16
202210150800,211,12.0,-9.0,3600
202210150800,212,11.8,-9.0,1881
202210150800,216,7.7,-9.0,723
202210150800,217,11.5,-9.0,1392
202210150800,221,10.9,-9.0,367
202210150800,226,12.2,-9.0,1050
202210150800,232,11.3,-9.0,10
202210150800,235,14.6,-9.0,420
202210150800,236,13.6,-9.0,229
202210150800,238,11.6,-9.0,76
202210150800,239,14.3,-9.0,981
202210150800,243,14.1,-9.0,896
202210150800,244,10.7,-9.0,1347
202210150800,245,12.7,-9.0,794
202210150800,247,11.2,-9.0,1715
202210150800,248,9.6,-9.0,79
202210150800,251,13.3,-9.0,1642
202210150800,252,13.1,-9.0,3535
202210150800,253,15.2,-9.0,2153
202210150800,254,10.2,-9.0,2
202210150800,255,15.5,-9.0,2416
202210150800,257,14.6,-9.0,759
202210150800,258,15.1,-9.0,3053
202210150800,259,13.6,-9.0,137
202210150800,260,12.1,-9.0,101
202210150800,261,12.0,-9.0,407
202210150800,262,14.2,-9.0,1933
202210150800,263,11.4,-9.0,16
202210150800,264,9.4,-9.0,78
202210150800,266,16.0,-9.0,1570
202210150800,268,11.7,-9.0,263
202210150800,271,12.0,-9.0,1778
202210150800,272,12.7,-9.0,1959
202210150800,273,13.6,-9.0,1506
202210150800,276,11.4,-9.0,1338
202210150800,277,14.2,-9.0,2000
202210150800,278,11.6,-9.0,1998
202210150800,279,13.4,-9.0,1921
202210150800,281,12.9,-9.0,1965
202210150800,283,12.9,-9.0,1630
202210150800,284,10.8,-9.0,8
202210150800,285,11.3,-9.0,610
202210150800,288,13.1,-9.0,2283
202210150800,289,9.8,-9.0,810
202210150800,294,14.2,-9.0,3110
202210150800,295,15.7,-9.0,2000
202210151900,90,16.6,-9.0,4496
202210151900,93,15.8,-9.0,-9
202210151900,95,17.0,-9.0,5009
202210151900,98,17.0,-9.0,2967
202210151900,99,14.8,-9.0,1745
202210151900,100,12.1,-9.0,3085
202210151900,101,16.6,-9.0,1534
202210151900,102,15.4,-9.0,733
202210151900,104,16.4,-9.0,1971
202210151900,105,19.4,-9.0,5000
202210151900,106,17.6,-9.0,5000
202210151900,108,19.5,-9.0,2000
202210151900,112,17.8,-9.0,1677
202210151900,114,18.4,-9.0,3321
202210151900,115,15.5,-9.0,2000
202210151900,119,17.7,-9.0,1655
202210151900,121,16.8,-9.0,4234
202210151900,127,18.1,-9.0,1891
202210151900,129,17.2,-9.0,2277
202210151900,130,16.8,-9.0,3559
202210151900,131,21.7,-9.0,2592
202210151900,133,19.8,-9.0,5000
202210151900,135,17.2,-9.0,4998
202210151900,136,19.0,-9.0,2000
202210151900,137,17.8,-9.0,4712
202210151900,138,18.8,-9.0,2000
202210151900,140,17.7,-9.0,683
202210151900,143,19.3,-9.0,2000
202210151900,146,19.0,-9.0,834
202210151900,152,18.2,-9.0,2000
202210151900,155,18.5,-9.0,2000
202210151900,156,20.4,-9.0,2000
202210151900,159,18.8,-9.0,5000
202210151900,162,19.2,-9.0,2000
202210151900,165,17.7,-9.0,676
202210151900,168,20.1,-9.0,2000
202210151900,169,16.1,-9.0,524
202210151900,170,19.0,-9.0,1972
202210151900,172,16.5,-9.0,404
202210151900,174,16.1,-9.0,1538
202210151900,177,17.0,-9.0,800
202210151900,181,17.9,-9.0,2885
202210151900,184,19.7,-9.0,4974
202210151900,185,18.9,-9.0,4978
202210151900,188,18.2,-9.0,4221
202210151900,189,19.8,-9.0,5000
202210151900,192,17.2,-9.0,2000
202210151900,201,15.0,-9.0,5078
202210151900,202,17.8,-9.0,2000
202210151900,203,17.5,-9.0,1943
202210151900,211,17.3,-9.0,5000
202210151900,212,16.4,-9.0,5000
202210151900,216,13.7,-9.0,1825
202210151900,217,16.3,-9.0,1662
202210151900,221,15.2,-9.0,1962
202210151900,226,17.4,-9.0,4002
202210151900,232,18.2,-9.0,1504
202210151900,235,17.9,-9.0,497
202210151900,238,17.8,-9.0,2000
202210151900,239,19.0,-9.0,4189
202210151900,243,17.5,-9.0,697
202210151900,244,16.3,-9.0,2826
202210151900,245,16.7,-9.0,554
202210151900,247,17.3,-9.0,3233
202210151900,248,14.0,-9.0,5000
202210151900,251,16.7,-9.0,576
202210151900,252,16.5,-9.0,2662
202210151900,253,19.3,-9.0,4851
202210151900,254,16.9,-9.0,4969
202210151900,255,19.5,-9.0,5000
202210151900,257,19.9,-9.0,1571
202210151900,258,16.8,-9.0,1881
202210151900,259,17.9,-9.0,1746
202210151900,260,17.9,-9.0,2000
202210151900,261,17.6,-9.0,1504
202210151900,262,15.6,-9.0,2000
202210151900,263,16.9,-9.0,2394
202210151900,264,14.9,-9.0,5000
202210151900,266,18.8,-9.0,1352
202210151900,268,16.6,-9.0,607
202210151900,271,16.2,-9.0,2000
202210151900,272,16.4,-9.0,1996
202210151900,273,16.7,-9.0,4126
202210151900,276,15.6,-9.0,4212
202210151900,277,15.9,-9.0,2000
202210151900,278,18.4,-9.0,2000
202210151900,279,18.3,-9.0,2000
202210151900,281,16.7,-9.0,3532
202210151900,283,16.9,-9.0,4952
202210151900,284,15.1,-9.0,2000
202210151900,285,17.2,-9.0,2000
202210151900,288,20.9,-9.0,5000
202210151900,289,15.9,-9.0,3708
202210151900,294,19.1,-9.0,5000
202210151900,295,17.8,-9.0,1903
202211150800,90,8.6,-9.0,3554
202211150800,93,-0.3,-9.0,1600
202211150800,95,-0.9,-9.0,376
202211150800,98,1.7,-9.0,663
202211150800,99,0.2,-9.0,485
202211150800,100,-0.8,-9.0,1836
202211150800,101,0.3,-9.0,603
202211150800,102,9.7,-9.0,491
202211150800,104,6.5,-9.0,2000
202211150800,105,8.2,-9.0,4249
202211150800,106,9.5,-9.0,4871
202211150800,108,4.4,-9.0,1400
202211150800,112,6.6,-9.0,1247
202211150800,114,0.8,-9.0,67
202211150800,115,9.6,-9.0,5000
202211150800,119,4.8,-9.0,1376
202211150800,121,1.2,-9.0,26
202211150800,127,1.7,-9.0,939
202211150800,129,3.2,-9.0,1136
202211150800,130,7.0,-9.0,4356
202211150800,131,5.0,-9.0,1868
202211150800,133,3.6,-9.0,2312
202211150800,135,2.6,-9.0,384
202211150800,136,1.2,-9.0,1269
202211150800,137,3.7,-9.0,1740
202211150800,138,7.6,-9.0,2000
202211150800,140,3.8,-9.0,1486
202211150800,143,6.9,-9.0,2000
202211150800,146,5.1,-9.0,2000
202211150800,152,7.3,-9.0,2000
202211150800,155,7.3,-9.0,4571
202211150800,156,5.3,-9.0,2000
202211150800,159,8.6,-9.0,5000
202211150800,162,7.6,-9.0,2000
202211150800,165,7.8,-9.0,4649
202211150800,168,7.1,-9.0,2000
202211150800,169,10.6,-9.0,5000
202211150800,170,9.2,-9.0,2000
202211150800,172,4.2,-9.0,1852
202211150800,174,6.5,-9.0,1885
202211150800,177,3.3,-9.0,445
202211150800,181,1.5,-9.0,507
202211150800,184,12.1,-9.0,4975
202211150800,185,12.8,-9.0,5000
202211150800,188,10.2,-9.0,3561
202211150800,189,12.3,-9.0,4869
202211150800,192,2.2,-9.0,2178
202211150800,201,4.1,-9.0,1284
202211150800,202,1.0,-9.0,1091
202211150800,203,-0.5,-9.0,69
202211150800,211,0.8,-9.0,1967
202211150800,212,-0.1,-9.0,162
202211150800,216,2.0,-9.0,2000
202211150800,217,0.4,-9.0,1357
202211150800,221,-0.7,-9.0,744
202211150800,226,0.6,-9.0,467
202211150800,232,1.0,-9.0,488
202211150800,235,6.7,-9.0,2738
202211150800,236,2.0,-9.0,810
202211150800,238,1.3,-9.0,1186
202211150800,239,3.2,-9.0,836
202211150800,243,5.2,-9.0,1138
202211150800,244,1.3,-9.0,1880
202211150800,245,3.8,-9.0,1825
202211150800,247,1.9,-9.0,1388
202211150800,248,-0.5,-9.0,1332
202211150800,251,3.9,-9.0,2201
202211150800,252,5.1,-9.0,2774
202211150800,253,7.0,-9.0,3652
202211150800,254,1.0,-9.0,925
202211150800,255,7.1,-9.0,5000
202211150800,257,7.1,-9.0,1689
202211150800,258,5.9,-9.0,3784
202211150800,259,5.7,-9.0,925
202211150800,260,4.4,-9.0,2000
202211150800,261,3.3,-9.0,1768
202211150800,262,3.6,-9.0,2000
202211150800,263,2.4,-9.0,2129
202211150800,264,1.2,-9.0,2117
202211150800,266,4.8,-9.0,1588
202211150800,268,4.8,-9.0,719
202211150800,271,0.3,-9.0,606
202211150800,272,1.6,-9.0,1217
202211150800,273,4.0,-9.0,2766
202211150800,276,0.5,-9.0,1433
202211150800,277,7.5,-9.0,1990
202211150800,278,-0.1,-9.0,1185
202211150800,279,5.9,-9.0,2844
202211150800,281,6.4,-9.0,3074
202211150800,283,7.6,-9.0,2005
202211150800,284,1.4,-9.0,1524
202211150800,285,1.5,-9.0,1550
202211150800,288,3.7,-9.0,2427
202211150800,289,2.9,-9.0,3163
202211150800,294,8.7,-9.0,5000
202211150800,295,6.3,-9.0,2000
202211151900,90,10.5,-9.0,4022
202211151900,93,7.1,-9.0,1600
202211151900,95,6.8,-9.0,4980
202211151900,98,7.0,-9.0,2063
202211151900,99,6.3,-9.0,1239
202211151900,100,3.0,-9.0,2038
202211151900,101,8.8,-9.0,3156
202211151900,102,11.6,-9.0,551
202211151900,104,10.5,-9.0,2000
202211151900,105,11.8,-9.0,3809
202211151900,106,11.8,-9.0,4891
202211151900,108,9.5,-9.0,1960
202211151900,112,9.8,-9.0,1746
202211151900,114,7.8,-9.0,1403
202211151900,115,9.8,-9.0,5000
202211151900,119,8.8,-9.0,1127
202211151900,121,6.8,-9.0,1237
202211151900,127,5.3,-9.0,735
202211151900,129,8.9,-9.0,1659
202211151900,130,11.2,-9.0,4447
202211151900,131,10.8,-9.0,1802
202211151900,133,9.9,-9.0,2871
202211151900,135,9.4,-9.0,3377
202211151900,136,7.6,-9.0,2039
202211151900,137,7.6,-9.0,2360
202211151900,138,11.3,-9.0,2000
202211151900,140,12.0,-9.0,3627
202211151900,143,11.8,-9.0,2000
202211151900,146,11.0,-9.0,1774
202211151900,152,10.6,-9.0,2000
202211151900,155,11.5,-9.0,4351
202211151900,156,11.2,-9.0,1987
202211151900,159,12.0,-9.0,5000
202211151900,162,12.3,-9.0,2000
202211151900,165,11.5,-9.0,3212
202211151900,168,12.6,-9.0,2000
202211151900,169,11.3,-9.0,4297
202211151900,170,11.8,-9.0,2000
202211151900,172,8.7,-9.0,1755
202211151900,174,7.6,-9.0,1251
202211151900,177,9.5,-9.0,1855
202211151900,181,7.2,-9.0,1127
202211151900,184,12.8,-9.0,5000
202211151900,185,12.5,-9.0,5000
202211151900,188,9.8,-9.0,3297
202211151900,189,13.3,-9.0,4989
202211151900,192,8.4,-9.0,4951
202211151900,201,5.7,-9.0,2025
202211151900,202,7.7,-9.0,858
202211151900,203,7.4,-9.0,1304
202211151900,211,7.7,-9.0,2808
202211151900,212,6.9,-9.0,1249
202211151900,216,4.8,-9.0,1999
202211151900,217,6.3,-9.0,1648
202211151900,221,5.7,-9.0,948
202211151900,226,6.7,-9.0,1352
202211151900,232,7.3,-9.0,1084
202211151900,235,11.4,-9.0,3514
202211151900,236,7.8,-9.0,1757
202211151900,238,8.9,-9.0,2903
202211151900,239,10.1,-9.0,1537
202211151900,243,9.5,-9.0,2059
202211151900,244,6.7,-9.0,2538
202211151900,245,8.8,-9.0,1893
202211151900,247,7.6,-9.0,1577
202211151900,248,6.4,-9.0,2442
202211151900,251,8.1,-9.0,2313
202211151900,252,10.1,-9.0,4239
202211151900,253,11.5,-9.0,3588
202211151900,254,7.8,-9.0,3636
202211151900,255,10.8,-9.0,4784
202211151900,257,10.1,-9.0,1292
202211151900,258,10.1,-9.0,4712
202211151900,259,8.9,-9.0,1554
202211151900,260,7.2,-9.0,2000
202211151900,261,9.2,-9.0,2310
202211151900,262,10.9,-9.0,2000
202211151900,263,11.1,-9.0,4913
202211151900,264,8.1,-9.0,2839
202211151900,266,10.0,-9.0,1246
202211151900,268,8.1,-9.0,2000
202211151900,271,7.3,-9.0,1762
202211151900,272,8.5,-9.0,1996
202211151900,273,5.3,-9.0,760
202211151900,276,7.5,-9.0,3045
202211151900,277,10.3,-9.0,2000
202211151900,278,7.3,-9.0,1198
202211151900,279,9.4,-9.0,2997
202211151900,281,10.1,-9.0,3067
202211151900,283,7.7,-9.0,2187
202211151900,284,9.6,-9.0,2967
202211151900,285,9.9,-9.0,4542
202211151900,288,9.2,-9.0,3320
202211151900,289,10.4,-9.0,3002
202211151900,294,10.3,-9.0,5000
202211151900,295,10.1,-9.0,2000
202212150800,90,-5.4,-9.0,4720
202212150800,93,-9.4,-9.0,300
202212150800,95,-11.2,-9.0,329
202212150800,98,-7.1,-9.0,1458
202212150800,99,-9.0,-9.0,1124
202212150800,100,-12.1,-9.0,1468
202212150800,101,-8.6,-9.0,651
202212150800,102,-1.6,-9.0,1786
202212150800,104,-4.4,-9.0,2000
202212150800,105,-3.8,-9.0,4908
202212150800,106,-2.6,-9.0,3080
202212150800,108,-6.1,-9.0,2000
202212150800,112,-6.4,-9.0,1757
202212150800,114,-9.1,-9.0,2097
202212150800,115,-0.4,-9.0,1356
202212150800,119,-7.2,-9.0,1698
202212150800,121,-11.0,-9.0,753
202212150800,127,-11.2,-9.0,1220
202212150800,129,-6.3,-9.0,1275
202212150800,130,-4.6,-9.0,4361
202212150800,131,-7.6,-9.0,2015
202212150800,133,-7.4,-9.0,2061
202212150800,135,-9.2,-9.0,1591
202212150800,136,-11.9,-9.0,1675
202212150800,137,-10.0,-9.0,1884
202212150800,138,-5.8,-9.0,2000
202212150800,140,-5.2,-9.0,2098
202212150800,143,-7.3,-9.0,2000
202212150800,146,-5.0,-9.0,2000
202212150800,152,-3.7,-9.0,2000
202212150800,155,-4.9,-9.0,4089
202212150800,156,-4.0,-9.0,2000
202212150800,159,-3.1,-9.0,5000
202212150800,162,-3.5,-9.0,2000
202212150800,165,-1.9,-9.0,3924
202212150800,168,-2.3,-9.0,2000
202212150800,169,3.9,-9.0,4817
202212150800,170,-0.4,-9.0,2000
202212150800,172,-5.0,-9.0,2406
202212150800,174,-9.3,-9.0,1092
202212150800,177,-7.9,-9.0,1214
202212150800,181,-10.3,-9.0,1306
202212150800,184,5.1,-9.0,5000
202212150800,185,6.3,-9.0,4980
202212150800,188,0.3,-9.0,2501
202212150800,189,3.4,-9.0,5000
202212150800,192,-8.6,-9.0,3232
202212150800,201,-6.3,-9.0,2845
202212150800,202,-7.8,-9.0,1764
202212150800,203,-9.9,-9.0,1673
202212150800,211,-9.4,-9.0,609
202212150800,212,-11.1,-9.0,917
202212150800,216,-11.2,-9.0,2000
202212150800,217,-11.6,-9.0,1709
202212150800,221,-11.8,-9.0,1038
202212150800,226,-12.0,-9.0,1256
202212150800,232,-9.9,-9.0,878
202212150800,235,-2.2,-9.0,2796
202212150800,236,-8.5,-9.0,1070
202212150800,238,-9.3,-9.0,1174
202212150800,239,-7.7,-9.0,1808
202212150800,243,-4.0,-9.0,3044
202212150800,244,-10.9,-9.0,2015
202212150800,245,-4.9,-9.0,1986
202212150800,247,-10.0,-9.0,1401
202212150800,248,-11.0,-9.0,1801
202212150800,251,-5.0,-9.0,2883
202212150800,252,-3.3,-9.0,3109
202212150800,253,-5.3,-9.0,2559
202212150800,254,-9.1,-9.0,1880
202212150800,255,-5.5,-9.0,5000
202212150800,257,-4.0,-9.0,1848
202212150800,258,-6.3,-9.0,3865
202212150800,259,-3.8,-9.0,2049
202212150800,260,-5.3,-9.0,2000
202212150800,261,-3.1,-9.0,3015
202212150800,262,-7.2,-9.0,2000
202212150800,263,-9.1,-9.0,2147
202212150800,264,-9.0,-9.0,1592
202212150800,266,-5.1,-9.0,1387
202212150800,268,-1.2,-9.0,1969
202212150800,271,-11.6,-9.0,1127
202212150800,272,-10.8,-9.0,1754
202212150800,273,-10.5,-9.0,2310
202212150800,276,-13.6,-9.0,2077
202212150800,277,-5.7,-9.0,2000
202212150800,278,-12.5,-9.0,1580
202212150800,279,-5.7,-9.0,2458
202212150800,281,-9.2,-9.0,2034
202212150800,283,-9.0,-9.0,1705
202212150800,284,-9.6,-9.0,1314
202212150800,285,-8.9,-9.0,1914
202212150800,288,-7.3,-9.0,2959
202212150800,289,-7.8,-9.0,2424
202212150800,294,-3.6,-9.0,4894
202212150800,295,-3.9,-9.0,2000
202212151900,90,0.3,-9.0,3921
202212151900,93,-5.2,-9.0,700
202212151900,95,-4.9,-9.0,5009
202212151900,98,-4.0,-9.0,1066
202212151900,99,-5.0,-9.0,1284
202212151900,100,-4.0,-9.0,947
202212151900,101,-4.1,-9.0,1153
202212151900,102,-1.6,-9.0,3772
202212151900,104,0.1,-9.0,1995
202212151900,105,1.7,-9.0,3229
202212151900,106,2.9,-9.0,3343
202212151900,108,-1.9,-9.0,630
202212151900,112,-3.0,-9.0,727
202212151900,114,-1.9,-9.0,765
202212151900,115,3.3,-9.0,4877
202212151900,119,-1.2,-9.0,641
202212151900,121,-2.9,-9.0,460
202212151900,127,-0.2,-9.0,554
202212151900,129,1.7,-9.0,1040
202212151900,130,0.4,-9.0,3378
202212151900,131,1.2,-9.0,963
202212151900,133,1.0,-9.0,626
202212151900,135,2.2,-9.0,1194
202212151900,136,-1.2,-9.0,2834
202212151900,137,-0.9,-9.0,2030
202212151900,138,2.8,-9.0,2000
202212151900,140,4.3,-9.0,1545
202212151900,143,3.9,-9.0,2000
202212151900,146,4.6,-9.0,947
202212151900,152,2.8,-9.0,2000
202212151900,155,1.7,-9.0,4417
202212151900,156,4.5,-9.0,2000
202212151900,159,3.8,-9.0,5000
202212151900,162,5.1,-9.0,2000
202212151900,165,4.5,-9.0,4819
202212151900,168,4.8,-9.0,2000
202212151900,169,6.6,-9.0,4545
202212151900,170,4.1,-9.0,2000
202212151900,172,4.7,-9.0,5000
202212151900,174,-0.1,-9.0,1705
202212151900,177,2.6,-9.0,1099
202212151900,181,0.6,-9.0,710
202212151900,184,6.4,-9.0,4373
202212151900,185,6.7,-9.0,4971
202212151900,188,3.6,-9.0,2869
202212151900,189,6.5,-9.0,4691
202212151900,192,4.5,-9.0,5000
202212151900,201,-3.6,-9.0,2396
202212151900,202,-2.5,-9.0,1004
202212151900,203,-3.3,-9.0,845
202212151900,211,-1.9,-9.0,2372
202212151900,212,-3.5,-9.0,869
202212151900,216,-3.1,-9.0,128
202212151900,217,-2.3,-9.0,1189
202212151900,221,-3.1,-9.0,625
202212151900,226,0.8,-9.0,320
202212151900,232,0.9,-9.0,543
202212151900,235,4.0,-9.0,598
202212151900,236,2.0,-9.0,1016
202212151900,238,2.4,-9.0,1805
202212151900,239,0.3,-9.0,310
202212151900,243,4.9,-9.0,3360
202212151900,244,3.2,-9.0,4943
202212151900,245,4.8,-9.0,2000
202212151900,247,3.4,-9.0,3200
202212151900,248,1.7,-9.0,4426
202212151900,251,4.6,-9.0,5000
202212151900,252,4.4,-9.0,6156
202212151900,253,2.4,-9.0,3618
202212151900,254,3.4,-9.0,4920
202212151900,255,3.4,-9.0,4623
202212151900,257,2.3,-9.0,1622
202212151900,258,1.0,-9.0,5000
202212151900,259,1.4,-9.0,1601
202212151900,260,0.5,-9.0,2000
202212151900,261,-0.3,-9.0,4781
202212151900,262,0.3,-9.0,2000
202212151900,263,-1.2,-9.0,2859
202212151900,264,2.0,-9.0,4882
202212151900,266,2.8,-9.0,820
202212151900,268,1.1,-9.0,1966
202212151900,271,-2.5,-9.0,209
202212151900,272,-4.4,-9.0,475
202212151900,273,-2.1,-9.0,774
202212151900,276,-1.2,-9.0,3272
202212151900,277,2.4,-9.0,2000
202212151900,278,0.8,-9.0,3193
202212151900,279,3.0,-9.0,3230
202212151900,281,3.2,-9.0,4634
202212151900,283,1.9,-9.0,4287
202212151900,284,3.3,-9.0,4658
202212151900,285,2.2,-9.0,-9
202212151900,288,-0.5,-9.0,2764
202212151900,289,-0.6,-9.0,3168
202212151900,294,2.7,-9.0,4849
202212151900,295,2.7,-9.0,2000
